title_id	title	ru_title	year	type	profile	rating	heat	status	source_layer	source_file	source_locator	source_time	verification	recovery_state	evidence_ids	source_note	notes
t_126b7e6b	The Sopranos	Клан Сопрано	1999	series	R	4		watched	master	backup/cinema/model-rjkm-master-2026-09-29.txt	Ratings row 1		preserved_snapshot	snapshot		Past chat recovery: V1	V1 family matrix
t_126b7e6b	The Sopranos	Клан Сопрано	1999	series	J	?		watched_forgot	master	backup/cinema/model-rjkm-master-2026-09-29.txt	Ratings row 1		preserved_snapshot	snapshot		Past chat recovery: V1	V1 family matrix
t_126b7e6b	The Sopranos	Клан Сопрано	1999	series	K	4		watched	master	backup/cinema/model-rjkm-master-2026-09-29.txt	Ratings row 1		preserved_snapshot	snapshot		Past chat recovery: V1	V1 family matrix
t_126b7e6b	The Sopranos	Клан Сопрано	1999	series	M	0		not_watched	master	backup/cinema/model-rjkm-master-2026-09-29.txt	Ratings row 1		preserved_snapshot	snapshot		Past chat recovery: V1	V1 family matrix
t_cb907a27	The Big Lebowski	Большой Лебовски	1998	film	R	5	3	watched	master	backup/cinema/model-rjkm-master-2026-09-29.txt	Ratings row 2		preserved_snapshot	snapshot		V1 + 2026-09-16	Later R reaction updated to 🔥🔥🔥
t_cb907a27	The Big Lebowski	Большой Лебовски	1998	film	J	?		watched_forgot	master	backup/cinema/model-rjkm-master-2026-09-29.txt	Ratings row 2		preserved_snapshot	snapshot		V1 + 2026-09-16	Later R reaction updated to 🔥🔥🔥
t_cb907a27	The Big Lebowski	Большой Лебовски	1998	film	K	5		watched	master	backup/cinema/model-rjkm-master-2026-09-29.txt	Ratings row 2		preserved_snapshot	snapshot		V1 + 2026-09-16	Later R reaction updated to 🔥🔥🔥
t_cb907a27	The Big Lebowski	Большой Лебовски	1998	film	M	0		not_watched	master	backup/cinema/model-rjkm-master-2026-09-29.txt	Ratings row 2		preserved_snapshot	snapshot		V1 + 2026-09-16	Later R reaction updated to 🔥🔥🔥
t_c4651520	L.A. Confidential	Секреты Лос-Анджелеса	1997	film	R	5	3	watched	master	backup/cinema/model-rjkm-master-2026-09-29.txt	Ratings row 3		preserved_snapshot	snapshot		V1 + 2026-09-16	
t_c4651520	L.A. Confidential	Секреты Лос-Анджелеса	1997	film	J	?		watched_forgot	master	backup/cinema/model-rjkm-master-2026-09-29.txt	Ratings row 3		preserved_snapshot	snapshot		V1 + 2026-09-16	
t_c4651520	L.A. Confidential	Секреты Лос-Анджелеса	1997	film	K	5		watched	master	backup/cinema/model-rjkm-master-2026-09-29.txt	Ratings row 3		preserved_snapshot	snapshot		V1 + 2026-09-16	
t_c4651520	L.A. Confidential	Секреты Лос-Анджелеса	1997	film	M	0		not_watched	master	backup/cinema/model-rjkm-master-2026-09-29.txt	Ratings row 3		preserved_snapshot	snapshot		V1 + 2026-09-16	
t_042ab5a7	Rain Man	Человек дождя	1988	film	R	5	3	watched	master	backup/cinema/model-rjkm-master-2026-09-29.txt	Ratings row 4		preserved_snapshot	snapshot		V1 + 2026-09-16	
t_042ab5a7	Rain Man	Человек дождя	1988	film	J	5		watched	master	backup/cinema/model-rjkm-master-2026-09-29.txt	Ratings row 4		preserved_snapshot	snapshot		V1 + 2026-09-16	
t_042ab5a7	Rain Man	Человек дождя	1988	film	K	4		watched	master	backup/cinema/model-rjkm-master-2026-09-29.txt	Ratings row 4		preserved_snapshot	snapshot		V1 + 2026-09-16	
t_042ab5a7	Rain Man	Человек дождя	1988	film	M	0		not_watched	master	backup/cinema/model-rjkm-master-2026-09-29.txt	Ratings row 4		preserved_snapshot	snapshot		V1 + 2026-09-16	
t_e15c4f40	Minority Report	Особое мнение	2002	film	R	5		watched	master	backup/cinema/model-rjkm-master-2026-09-29.txt	Ratings row 5		preserved_snapshot	snapshot		V1	
t_e15c4f40	Minority Report	Особое мнение	2002	film	J	?		watched_forgot	master	backup/cinema/model-rjkm-master-2026-09-29.txt	Ratings row 5		preserved_snapshot	snapshot		V1	
t_e15c4f40	Minority Report	Особое мнение	2002	film	K	4		watched	master	backup/cinema/model-rjkm-master-2026-09-29.txt	Ratings row 5		preserved_snapshot	snapshot		V1	
t_e15c4f40	Minority Report	Особое мнение	2002	film	M	0		not_watched	master	backup/cinema/model-rjkm-master-2026-09-29.txt	Ratings row 5		preserved_snapshot	snapshot		V1	
t_a0ac524a	Once Upon a Time... in Hollywood	Однажды в… Голливуде	2019	film	R	5	3	watched	master	backup/cinema/model-rjkm-master-2026-09-29.txt	Ratings row 6		preserved_snapshot	snapshot		V1 + 2026-09-16	
t_a0ac524a	Once Upon a Time... in Hollywood	Однажды в… Голливуде	2019	film	J	5		watched	master	backup/cinema/model-rjkm-master-2026-09-29.txt	Ratings row 6		preserved_snapshot	snapshot		V1 + 2026-09-16	
t_a0ac524a	Once Upon a Time... in Hollywood	Однажды в… Голливуде	2019	film	K	5		watched	master	backup/cinema/model-rjkm-master-2026-09-29.txt	Ratings row 6		preserved_snapshot	snapshot		V1 + 2026-09-16	
t_a0ac524a	Once Upon a Time... in Hollywood	Однажды в… Голливуде	2019	film	M	?		watched_forgot	master	backup/cinema/model-rjkm-master-2026-09-29.txt	Ratings row 6		preserved_snapshot	snapshot		V1 + 2026-09-16	
t_377db11b	American Beauty	Красота по-американски	1999	film	R	5		watched	master	backup/cinema/model-rjkm-master-2026-09-29.txt	Ratings row 7		preserved_snapshot	snapshot		V1	
t_377db11b	American Beauty	Красота по-американски	1999	film	J	4		watched	master	backup/cinema/model-rjkm-master-2026-09-29.txt	Ratings row 7		preserved_snapshot	snapshot		V1	
t_377db11b	American Beauty	Красота по-американски	1999	film	K	4		watched	master	backup/cinema/model-rjkm-master-2026-09-29.txt	Ratings row 7		preserved_snapshot	snapshot		V1	
t_377db11b	American Beauty	Красота по-американски	1999	film	M	?		watched_forgot	master	backup/cinema/model-rjkm-master-2026-09-29.txt	Ratings row 7		preserved_snapshot	snapshot		V1	
t_cf807b33	The Road	Дорога	2009	film	R	5		watched	master	backup/cinema/model-rjkm-master-2026-09-29.txt	Ratings row 8		preserved_snapshot	snapshot		V1	
t_cf807b33	The Road	Дорога	2009	film	J	?		watched_forgot	master	backup/cinema/model-rjkm-master-2026-09-29.txt	Ratings row 8		preserved_snapshot	snapshot		V1	
t_cf807b33	The Road	Дорога	2009	film	K	3		watched	master	backup/cinema/model-rjkm-master-2026-09-29.txt	Ratings row 8		preserved_snapshot	snapshot		V1	
t_cf807b33	The Road	Дорога	2009	film	M	0		not_watched	master	backup/cinema/model-rjkm-master-2026-09-29.txt	Ratings row 8		preserved_snapshot	snapshot		V1	
t_31e88ffa	The Perfect Storm	Идеальный шторм	2000	film	R	5		watched	master	backup/cinema/model-rjkm-master-2026-09-29.txt	Ratings row 9		preserved_snapshot	snapshot		V1	
t_31e88ffa	The Perfect Storm	Идеальный шторм	2000	film	J	5		watched	master	backup/cinema/model-rjkm-master-2026-09-29.txt	Ratings row 9		preserved_snapshot	snapshot		V1	
t_31e88ffa	The Perfect Storm	Идеальный шторм	2000	film	K	3		watched	master	backup/cinema/model-rjkm-master-2026-09-29.txt	Ratings row 9		preserved_snapshot	snapshot		V1	
t_31e88ffa	The Perfect Storm	Идеальный шторм	2000	film	M	4		watched	master	backup/cinema/model-rjkm-master-2026-09-29.txt	Ratings row 9		preserved_snapshot	snapshot		V1	
t_dc673e01	Dead Man	Мертвец	1995	film	R	5		watched	master	backup/cinema/model-rjkm-master-2026-09-29.txt	Ratings row 10		preserved_snapshot	snapshot		V1	
t_dc673e01	Dead Man	Мертвец	1995	film	J	?		watched_forgot	master	backup/cinema/model-rjkm-master-2026-09-29.txt	Ratings row 10		preserved_snapshot	snapshot		V1	
t_dc673e01	Dead Man	Мертвец	1995	film	K	5		watched	master	backup/cinema/model-rjkm-master-2026-09-29.txt	Ratings row 10		preserved_snapshot	snapshot		V1	
t_dc673e01	Dead Man	Мертвец	1995	film	M	2		watched	master	backup/cinema/model-rjkm-master-2026-09-29.txt	Ratings row 10		preserved_snapshot	snapshot		V1	
t_b6b44e35	The Imitation Game	Игра в имитацию	2014	film	R	5		watched	master	backup/cinema/model-rjkm-master-2026-09-29.txt	Ratings row 11		preserved_snapshot	snapshot		V1	
t_b6b44e35	The Imitation Game	Игра в имитацию	2014	film	J	0		not_watched	master	backup/cinema/model-rjkm-master-2026-09-29.txt	Ratings row 11		preserved_snapshot	snapshot		V1	
t_b6b44e35	The Imitation Game	Игра в имитацию	2014	film	K	?		watched_forgot	master	backup/cinema/model-rjkm-master-2026-09-29.txt	Ratings row 11		preserved_snapshot	snapshot		V1	
t_b6b44e35	The Imitation Game	Игра в имитацию	2014	film	M	0		not_watched	master	backup/cinema/model-rjkm-master-2026-09-29.txt	Ratings row 11		preserved_snapshot	snapshot		V1	
t_366ae457	The Prestige	Престиж	2006	film	R	5		watched	master	backup/cinema/model-rjkm-master-2026-09-29.txt	Ratings row 12		preserved_snapshot	snapshot		V2 R/J + later explicit updates	
t_366ae457	The Prestige	Престиж	2006	film	J	0		not_watched	master	backup/cinema/model-rjkm-master-2026-09-29.txt	Ratings row 12		preserved_snapshot	snapshot		V2 R/J + later explicit updates	
t_92eab92b	Inception	Начало	2010	film	R	5	3	watched	master	backup/cinema/model-rjkm-master-2026-09-29.txt	Ratings row 13		preserved_snapshot	snapshot		V2 R/J + later explicit updates	
t_92eab92b	Inception	Начало	2010	film	J	5		watched	master	backup/cinema/model-rjkm-master-2026-09-29.txt	Ratings row 13		preserved_snapshot	snapshot		V2 R/J + later explicit updates	
t_ab08f929	Interstellar	Интерстеллар	2014	film	R	5	2	watched	master	backup/cinema/model-rjkm-master-2026-09-29.txt	Ratings row 14		preserved_snapshot	snapshot		V2 R/J + later explicit updates	R later explicitly updated upward from older V2 value.
t_ab08f929	Interstellar	Интерстеллар	2014	film	J	4		watched	master	backup/cinema/model-rjkm-master-2026-09-29.txt	Ratings row 14		preserved_snapshot	snapshot		V2 R/J + later explicit updates	R later explicitly updated upward from older V2 value.
t_65e86303	Edge of Tomorrow	Грань будущего	2014	film	R	5	3	watched	master	backup/cinema/model-rjkm-master-2026-09-29.txt	Ratings row 15		preserved_snapshot	snapshot		V2 R/J + later explicit updates	
t_65e86303	Edge of Tomorrow	Грань будущего	2014	film	J	0		not_watched	master	backup/cinema/model-rjkm-master-2026-09-29.txt	Ratings row 15		preserved_snapshot	snapshot		V2 R/J + later explicit updates	
t_e74eecbb	Source Code	Исходный код	2011	film	R	5		watched	master	backup/cinema/model-rjkm-master-2026-09-29.txt	Ratings row 16		preserved_snapshot	snapshot		V2 R/J + later explicit updates	
t_e74eecbb	Source Code	Исходный код	2011	film	J	0		not_watched	master	backup/cinema/model-rjkm-master-2026-09-29.txt	Ratings row 16		preserved_snapshot	snapshot		V2 R/J + later explicit updates	
t_bfbdfe00	Ex Machina	Из машины	2014	film	R	?		watched_forgot	master	backup/cinema/model-rjkm-master-2026-09-29.txt	Ratings row 17		preserved_snapshot	snapshot		V2 R/J + later explicit updates	
t_bfbdfe00	Ex Machina	Из машины	2014	film	J	0		not_watched	master	backup/cinema/model-rjkm-master-2026-09-29.txt	Ratings row 17		preserved_snapshot	snapshot		V2 R/J + later explicit updates	
t_af401ef7	Arrival	Прибытие	2016	film	R	5	1	watched	master	backup/cinema/model-rjkm-master-2026-09-29.txt	Ratings row 18		preserved_snapshot	snapshot		V2 R/J + later explicit updates	R later explicitly updated upward from older V2 value.
t_af401ef7	Arrival	Прибытие	2016	film	J	3		watched	master	backup/cinema/model-rjkm-master-2026-09-29.txt	Ratings row 18		preserved_snapshot	snapshot		V2 R/J + later explicit updates	R later explicitly updated upward from older V2 value.
t_ba0eef81	Children of Men	Дитя человеческое	2006	film	R	0		not_watched	master	backup/cinema/model-rjkm-master-2026-09-29.txt	Ratings row 19		preserved_snapshot	snapshot		V2 R/J + later explicit updates	
t_ba0eef81	Children of Men	Дитя человеческое	2006	film	J	0		not_watched	master	backup/cinema/model-rjkm-master-2026-09-29.txt	Ratings row 19		preserved_snapshot	snapshot		V2 R/J + later explicit updates	
t_d569747d	District 9	Район №9	2009	film	R	5	2	watched	master	backup/cinema/model-rjkm-master-2026-09-29.txt	Ratings row 20		preserved_snapshot	snapshot		V2 R/J + later explicit updates	R later explicitly updated upward from older V2 value.
t_d569747d	District 9	Район №9	2009	film	J	0		not_watched	master	backup/cinema/model-rjkm-master-2026-09-29.txt	Ratings row 20		preserved_snapshot	snapshot		V2 R/J + later explicit updates	R later explicitly updated upward from older V2 value.
t_4a276650	The Martian	Марсианин	2015	film	R	5	3	watched	master	backup/cinema/model-rjkm-master-2026-09-29.txt	Ratings row 21		preserved_snapshot	snapshot		V2 R/J + later explicit updates	
t_4a276650	The Martian	Марсианин	2015	film	J	4		watched	master	backup/cinema/model-rjkm-master-2026-09-29.txt	Ratings row 21		preserved_snapshot	snapshot		V2 R/J + later explicit updates	
t_ea2202ac	Prisoners	Пленницы	2013	film	R	0		not_watched	master	backup/cinema/model-rjkm-master-2026-09-29.txt	Ratings row 22		preserved_snapshot	snapshot		V2 R/J + later explicit updates	
t_ea2202ac	Prisoners	Пленницы	2013	film	J	0		not_watched	master	backup/cinema/model-rjkm-master-2026-09-29.txt	Ratings row 22		preserved_snapshot	snapshot		V2 R/J + later explicit updates	
t_ec3aba37	Gone Girl	Исчезнувшая	2014	film	R	5	3	watched	master	backup/cinema/model-rjkm-master-2026-09-29.txt	Ratings row 23		preserved_snapshot	snapshot		V2 R/J + later explicit updates	
t_ec3aba37	Gone Girl	Исчезнувшая	2014	film	J	4		watched	master	backup/cinema/model-rjkm-master-2026-09-29.txt	Ratings row 23		preserved_snapshot	snapshot		V2 R/J + later explicit updates	
t_cbaba402	Nightcrawler	Стрингер	2014	film	R	0		not_watched	master	backup/cinema/model-rjkm-master-2026-09-29.txt	Ratings row 24		preserved_snapshot	snapshot		V2 R/J + later explicit updates	
t_cbaba402	Nightcrawler	Стрингер	2014	film	J	0		not_watched	master	backup/cinema/model-rjkm-master-2026-09-29.txt	Ratings row 24		preserved_snapshot	snapshot		V2 R/J + later explicit updates	
t_64b06758	The Green Mile	Зелёная миля	1999	film	R	5	3	watched	master	backup/cinema/model-rjkm-master-2026-09-29.txt	Ratings row 25		preserved_snapshot	snapshot		V2 R/J + later explicit updates	
t_64b06758	The Green Mile	Зелёная миля	1999	film	J	5		watched	master	backup/cinema/model-rjkm-master-2026-09-29.txt	Ratings row 25		preserved_snapshot	snapshot		V2 R/J + later explicit updates	
t_50d43bf0	The Shawshank Redemption	Побег из Шоушенка	1994	film	R	5	3	watched	master	backup/cinema/model-rjkm-master-2026-09-29.txt	Ratings row 26		preserved_snapshot	snapshot		V2 R/J + later explicit updates	
t_50d43bf0	The Shawshank Redemption	Побег из Шоушенка	1994	film	J	5		watched	master	backup/cinema/model-rjkm-master-2026-09-29.txt	Ratings row 26		preserved_snapshot	snapshot		V2 R/J + later explicit updates	
t_87180578	The Wolf of Wall Street	Волк с Уолл-стрит	2013	film	R	5	3	watched	master	backup/cinema/model-rjkm-master-2026-09-29.txt	Ratings row 27		preserved_snapshot	snapshot		V2 R/J + later explicit updates	
t_87180578	The Wolf of Wall Street	Волк с Уолл-стрит	2013	film	J	5		watched	master	backup/cinema/model-rjkm-master-2026-09-29.txt	Ratings row 27		preserved_snapshot	snapshot		V2 R/J + later explicit updates	
t_9a6d66b0	Snatch	Большой куш	2000	film	R	5	3	watched	master	backup/cinema/model-rjkm-master-2026-09-29.txt	Ratings row 28		preserved_snapshot	snapshot		V2 R/J + later explicit updates	
t_9a6d66b0	Snatch	Большой куш	2000	film	J	5		watched	master	backup/cinema/model-rjkm-master-2026-09-29.txt	Ratings row 28		preserved_snapshot	snapshot		V2 R/J + later explicit updates	
t_81a3faad	The Gentlemen	Джентльмены	2019	film	R	5	3	watched	master	backup/cinema/model-rjkm-master-2026-09-29.txt	Ratings row 29		preserved_snapshot	snapshot		V2 R/J + later explicit updates	
t_81a3faad	The Gentlemen	Джентльмены	2019	film	J	0		not_watched	master	backup/cinema/model-rjkm-master-2026-09-29.txt	Ratings row 29		preserved_snapshot	snapshot		V2 R/J + later explicit updates	
t_6be01ee9	John Wick	Джон Уик	2014	film	R	5	3	watched	master	backup/cinema/model-rjkm-master-2026-09-29.txt	Ratings row 30		preserved_snapshot	snapshot		V2 R/J + later explicit updates	
t_6be01ee9	John Wick	Джон Уик	2014	film	J	5		watched	master	backup/cinema/model-rjkm-master-2026-09-29.txt	Ratings row 30		preserved_snapshot	snapshot		V2 R/J + later explicit updates	
t_ce890dc1	The Dark Knight	Тёмный рыцарь	2008	film	R	4		watched	master	backup/cinema/model-rjkm-master-2026-09-29.txt	Ratings row 31		preserved_snapshot	snapshot		V2 R/J + later explicit updates	
t_ce890dc1	The Dark Knight	Тёмный рыцарь	2008	film	J	4		watched	master	backup/cinema/model-rjkm-master-2026-09-29.txt	Ratings row 31		preserved_snapshot	snapshot		V2 R/J + later explicit updates	
t_c4d0d1e5	Black Mirror	Чёрное зеркало	2011	series	R	4		watched	master	backup/cinema/model-rjkm-master-2026-09-29.txt	Ratings row 32		preserved_snapshot	snapshot		V2 R/J + later explicit updates	Latest explicit R=4; older summaries conflicted.
t_c4d0d1e5	Black Mirror	Чёрное зеркало	2011	series	J	5		watched	master	backup/cinema/model-rjkm-master-2026-09-29.txt	Ratings row 32		preserved_snapshot	snapshot		V2 R/J + later explicit updates	Latest explicit R=4; older summaries conflicted.
t_f9d6254b	Lost	Остаться в живых	2004	series	R	4		watched	master	backup/cinema/model-rjkm-master-2026-09-29.txt	Ratings row 33		preserved_snapshot	snapshot		V2 R/J + later explicit updates	
t_f9d6254b	Lost	Остаться в живых	2004	series	J	5		watched	master	backup/cinema/model-rjkm-master-2026-09-29.txt	Ratings row 33		preserved_snapshot	snapshot		V2 R/J + later explicit updates	
t_69b9ffde	Mr. Robot	Мистер Робот	2015	series	R	5		watched	master	backup/cinema/model-rjkm-master-2026-09-29.txt	Ratings row 34		preserved_snapshot	snapshot		V2 R/J + later explicit updates	
t_69b9ffde	Mr. Robot	Мистер Робот	2015	series	J	0		not_watched	master	backup/cinema/model-rjkm-master-2026-09-29.txt	Ratings row 34		preserved_snapshot	snapshot		V2 R/J + later explicit updates	
t_98d216c4	The Expanse	Пространство	2015	series	R	0		not_watched	master	backup/cinema/model-rjkm-master-2026-09-29.txt	Ratings row 35		preserved_snapshot	snapshot		V2 R/J + later explicit updates	
t_98d216c4	The Expanse	Пространство	2015	series	J	0		not_watched	master	backup/cinema/model-rjkm-master-2026-09-29.txt	Ratings row 35		preserved_snapshot	snapshot		V2 R/J + later explicit updates	
t_ffefdd9c	Peaky Blinders	Острые козырьки	2013	series	R	0		not_watched	master	backup/cinema/model-rjkm-master-2026-09-29.txt	Ratings row 36		preserved_snapshot	snapshot		V2 R/J + later explicit updates	
t_ffefdd9c	Peaky Blinders	Острые козырьки	2013	series	J	0		not_watched	master	backup/cinema/model-rjkm-master-2026-09-29.txt	Ratings row 36		preserved_snapshot	snapshot		V2 R/J + later explicit updates	
t_64c701fb	Obsession	Обсессия	2025	film	R	5	3	watched	master	backup/cinema/model-rjkm-master-2026-09-29.txt	Ratings row 37		preserved_snapshot	snapshot		2026-09-07..29	Ключевое попадание: «100/100», «взрыв мозга», сильная игра главной героини и эмоциональное сопереживание.
t_64c701fb	Obsession	Обсессия	2025	film	J	5		watched	master	backup/cinema/model-rjkm-master-2026-09-29.txt	Ratings row 37		preserved_snapshot	snapshot		2026-09-07..29	Ключевое попадание: «100/100», «взрыв мозга», сильная игра главной героини и эмоциональное сопереживание.
t_64c701fb	Obsession	Обсессия	2025	film	K	5		watched	master	backup/cinema/model-rjkm-master-2026-09-29.txt	Ratings row 37		preserved_snapshot	snapshot		2026-09-07..29	Ключевое попадание: «100/100», «взрыв мозга», сильная игра главной героини и эмоциональное сопереживание.
t_0b4d74c4	Companion	Компаньон	2025	film	R	5	3	watched	master	backup/cinema/model-rjkm-master-2026-09-29.txt	Ratings row 38		preserved_snapshot	snapshot		2026-09-13/29	Максимально понравился; отношения человек–машина, ассоциация с Detroit: Become Human.
t_0b4d74c4	Companion	Компаньон	2025	film	J	5	3	watched	master	backup/cinema/model-rjkm-master-2026-09-29.txt	Ratings row 38		preserved_snapshot	snapshot		2026-09-13/29	Максимально понравился; отношения человек–машина, ассоциация с Detroit: Become Human.
t_48ba8bba	Mayday	Mayday	2026	film	R	5	3	watched	master	backup/cinema/model-rjkm-master-2026-09-29.txt	Ratings row 39		preserved_snapshot	snapshot		2026-09-16	
t_f7512ea6	Wrecking Crew	Wrecking Crew	2026	film	R	5	0	watched	master	backup/cinema/model-rjkm-master-2026-09-29.txt	Ratings row 40		preserved_snapshot	snapshot		2026-09-16	
t_b2d8daff	Drop	Дроп	2025	film	R	4	0	watched	master	backup/cinema/model-rjkm-master-2026-09-29.txt	Ratings row 41		preserved_snapshot	snapshot		2026-09-13..16	По частям: 4/5/3 — начало нудноватое, середина взрывная, финал провален после встречи.
t_b2d8daff	Drop	Дроп	2025	film	J	4		watched	master	backup/cinema/model-rjkm-master-2026-09-29.txt	Ratings row 41		preserved_snapshot	snapshot		2026-09-13..16	По частям: 4/5/3 — начало нудноватое, середина взрывная, финал провален после встречи.
t_b2d8daff	Drop	Дроп	2025	film	K	4		watched	master	backup/cinema/model-rjkm-master-2026-09-29.txt	Ratings row 41		preserved_snapshot	snapshot		2026-09-13..16	По частям: 4/5/3 — начало нудноватое, середина взрывная, финал провален после встречи.
t_4ac0609f	Fight or Flight	Fight or Flight	2025	film	R	5	3	watched	master	backup/cinema/model-rjkm-master-2026-09-29.txt	Ratings row 42		preserved_snapshot	snapshot		2026-09-16	
t_bed75ed0	Death of a Unicorn	Смерть единорога	2025	film	R	1	0	watched	master	backup/cinema/model-rjkm-master-2026-09-29.txt	Ratings row 43		preserved_snapshot	snapshot		2026-09-16	
t_880223f3	The Dead Don't Die	Мёртвые не умирают	2019	film	R	1	0	watched	master	backup/cinema/model-rjkm-master-2026-09-29.txt	Ratings row 44		preserved_snapshot	snapshot		2026-09-16	
t_6a496568	Police Academy 1–6	Полицейская академия 1–6		film franchise	R	5	3	watched	master	backup/cinema/model-rjkm-master-2026-09-29.txt	Ratings row 45		preserved_snapshot	snapshot		2026-09-23	Любимые ностальгические фильмы.
t_d2a9289a	K-9	К-9: Собачья работа	1989	film	R	5	3	watched	master	backup/cinema/model-rjkm-master-2026-09-29.txt	Ratings row 46		preserved_snapshot	snapshot		2026-09-29	Любимая ностальгическая комедия; особенно сцена hand signal / Edwin Moses / carpool.
t_f616307b	Oblivion	Обливион	2013	film	R	5	3	watched	master	backup/cinema/model-rjkm-master-2026-09-29.txt	Ratings row 47		preserved_snapshot	snapshot		2026-09-16 consolidated	
t_1694af0e	Gattaca	Гаттака	1997	film	R	5	3	watched	master	backup/cinema/model-rjkm-master-2026-09-29.txt	Ratings row 48		preserved_snapshot	snapshot		2026-09-16 consolidated	
t_74a2d5c4	Blade Runner 2049	Бегущий по лезвию 2049	2017	film	R	5	2	watched	master	backup/cinema/model-rjkm-master-2026-09-29.txt	Ratings row 49		preserved_snapshot	snapshot		2026-09-16 consolidated	
t_54811289	Equilibrium	Эквилибриум	2002	film	R	5	3	watched	master	backup/cinema/model-rjkm-master-2026-09-29.txt	Ratings row 50		preserved_snapshot	snapshot		2026-09-16 consolidated	
t_299257bd	The Fifth Element	Пятый элемент	1997	film	R	5	3	watched	master	backup/cinema/model-rjkm-master-2026-09-29.txt	Ratings row 51		preserved_snapshot	snapshot		2026-09-16 consolidated	
t_a5194ead	The Terminator	Терминатор	1984	film	R	5	3	watched	master	backup/cinema/model-rjkm-master-2026-09-29.txt	Ratings row 52		preserved_snapshot	snapshot		2026-09-16 consolidated	
t_c3d250cc	Terminator 2: Judgment Day	Терминатор 2: Судный день	1991	film	R	5	3	watched	master	backup/cinema/model-rjkm-master-2026-09-29.txt	Ratings row 53		preserved_snapshot	snapshot		2026-09-16 consolidated	
t_e77fae9c	Back to the Future	Назад в будущее	1985	film	R	5	3	watched	master	backup/cinema/model-rjkm-master-2026-09-29.txt	Ratings row 54		preserved_snapshot	snapshot		2026-09-16 consolidated	
t_b659f903	Back to the Future Part II	Назад в будущее 2	1989	film	R	5	3	watched	master	backup/cinema/model-rjkm-master-2026-09-29.txt	Ratings row 55		preserved_snapshot	snapshot		2026-09-16 consolidated	
t_16bc2b70	Back to the Future Part III	Назад в будущее 3	1990	film	R	5	3	watched	master	backup/cinema/model-rjkm-master-2026-09-29.txt	Ratings row 56		preserved_snapshot	snapshot		2026-09-16 consolidated	
t_ce79f6fa	Point Break	На гребне волны	1991	film	R	5	3	watched	master	backup/cinema/model-rjkm-master-2026-09-29.txt	Ratings row 57		preserved_snapshot	snapshot		2026-09-16 consolidated	
t_887e70ed	Amélie	Амели	2001	film	R	5	3	watched	master	backup/cinema/model-rjkm-master-2026-09-29.txt	Ratings row 58		preserved_snapshot	snapshot		2026-09-16 consolidated	
t_20db02a3	Ghost	Привидение	1990	film	R	5	3	watched	master	backup/cinema/model-rjkm-master-2026-09-29.txt	Ratings row 59		preserved_snapshot	snapshot		2026-09-16 consolidated	
t_3a259202	Cabaret	Кабаре	1972	film	R	5	3	watched	master	backup/cinema/model-rjkm-master-2026-09-29.txt	Ratings row 60		preserved_snapshot	snapshot		2026-09-16 consolidated	
t_8da7111a	Moulin Rouge!	Мулен Руж!	2001	film	R	5	3	watched	master	backup/cinema/model-rjkm-master-2026-09-29.txt	Ratings row 61		preserved_snapshot	snapshot		2026-09-16 consolidated	
t_c7c3b179	Mamma Mia!	Мамма Mia!	2008	film	R	5	3	watched	master	backup/cinema/model-rjkm-master-2026-09-29.txt	Ratings row 62		preserved_snapshot	snapshot		2026-09-16 consolidated	
t_0164d60d	Six-String Samurai	Шестиструнный самурай	1998	film	R	5	3	watched	master	backup/cinema/model-rjkm-master-2026-09-29.txt	Ratings row 63		preserved_snapshot	snapshot		2026-09-16 consolidated	
t_3eaf5df3	Se7en	Семь	1995	film	R	5	3	watched	master	backup/cinema/model-rjkm-master-2026-09-29.txt	Ratings row 64		preserved_snapshot	snapshot		2026-09-16 consolidated	
t_d7a386f2	Memento	Помни	2000	film	R	5	3	watched	master	backup/cinema/model-rjkm-master-2026-09-29.txt	Ratings row 65		preserved_snapshot	snapshot		2026-09-16 consolidated	
t_63c50870	The Game	Игра	1997	film	R	5	3	watched	master	backup/cinema/model-rjkm-master-2026-09-29.txt	Ratings row 66		preserved_snapshot	snapshot		2026-09-16 consolidated	
t_acbbed8e	Shutter Island	Остров проклятых	2010	film	R	5	3	watched	master	backup/cinema/model-rjkm-master-2026-09-29.txt	Ratings row 67		preserved_snapshot	snapshot		2026-09-16 consolidated	
t_b3158b49	Nobody	Никто	2021	film	R	5	3	watched	master	backup/cinema/model-rjkm-master-2026-09-29.txt	Ratings row 68		preserved_snapshot	snapshot		2026-09-16 consolidated	
t_239bcf99	The Grand Budapest Hotel	Отель «Гранд Будапешт»	2014	film	R	5	3	watched	master	backup/cinema/model-rjkm-master-2026-09-29.txt	Ratings row 69		preserved_snapshot	snapshot		2026-09-16 consolidated	
t_99651010	Oppenheimer	Оппенгеймер	2023	film	R	5	3	watched	master	backup/cinema/model-rjkm-master-2026-09-29.txt	Ratings row 70		preserved_snapshot	snapshot		2026-09-16 consolidated	
t_ccb36e6f	1408	1408	2007	film	R	5	1	watched	master	backup/cinema/model-rjkm-master-2026-09-29.txt	Ratings row 71		preserved_snapshot	snapshot		2026-09-16 consolidated	
t_11c183ae	Snowpiercer	Сквозь снег	2013	film	R	3	2	watched	master	backup/cinema/model-rjkm-master-2026-09-29.txt	Ratings row 72		preserved_snapshot	snapshot		2026-09-16 consolidated	
t_81c35f96	The Substance	Субстанция	2024	film	R	3	0	watched	master	backup/cinema/model-rjkm-master-2026-09-29.txt	Ratings row 73		preserved_snapshot	snapshot		2026-09-16 consolidated	
t_464e9997	Barbie	Барби	2023	film	R	4	1	watched	master	backup/cinema/model-rjkm-master-2026-09-29.txt	Ratings row 74		preserved_snapshot	snapshot		2026-09-16 consolidated	
t_a6aa02fe	Three Billboards Outside Ebbing, Missouri	Три билборда на границе Эббинга, Миссури	2017	film	R	4	2	watched	master	backup/cinema/model-rjkm-master-2026-09-29.txt	Ratings row 75		preserved_snapshot	snapshot		2026-09-16 consolidated	
t_9b2cb2eb	Foundation	Основание	2021	series	R	5		watched	master	backup/cinema/model-rjkm-master-2026-09-29.txt	Ratings row 76		preserved_snapshot	snapshot		2026-08-30 / 2026-09-16	
t_2732607a	Dark Matter	Тёмная материя	2024	series	R	5		watched	master	backup/cinema/model-rjkm-master-2026-09-29.txt	Ratings row 77		preserved_snapshot	snapshot		2026-08-30 / 2026-09-16	
t_a91c8eb5	Stranger Things	Очень странные дела	2016	series	R	5		watched	master	backup/cinema/model-rjkm-master-2026-09-29.txt	Ratings row 78		preserved_snapshot	snapshot		2026-08-30 / 2026-09-16	
t_7c810b75	Silo	Укрытие	2023	series	R	5		watched	master	backup/cinema/model-rjkm-master-2026-09-29.txt	Ratings row 79		preserved_snapshot	snapshot		2026-08-30 / 2026-09-16	
t_7546d921	Severance	Разделение	2022	series	R	5		watched	master	backup/cinema/model-rjkm-master-2026-09-29.txt	Ratings row 80		preserved_snapshot	snapshot		2026-08-30 / 2026-09-16	
t_38d4fa20	The Last of Us	Одни из нас	2023	series	R	5		watched	master	backup/cinema/model-rjkm-master-2026-09-29.txt	Ratings row 81		preserved_snapshot	snapshot		2026-08-30 / 2026-09-16	
t_4da50664	Fallout	Fallout	2024	series	R	5		watched	master	backup/cinema/model-rjkm-master-2026-09-29.txt	Ratings row 82		preserved_snapshot	snapshot		2026-08-30 / 2026-09-16	
t_0ad0def1	The Ark	Ковчег	2023	series	R	5		watched	master	backup/cinema/model-rjkm-master-2026-09-29.txt	Ratings row 83		preserved_snapshot	snapshot		2026-08-30 / 2026-09-16	S1–2 ≈5; S3 после первых 2 серий просел примерно к 3, итог сезона не зафиксирован.
t_49bbe137	For All Mankind	Ради всего человечества	2019	series	R	5		watched	master	backup/cinema/model-rjkm-master-2026-09-29.txt	Ratings row 84		preserved_snapshot	snapshot		2026-08-30 / 2026-09-16	
t_49bbe137	For All Mankind	Ради всего человечества	2019	series	J	3		watched	master	backup/cinema/model-rjkm-master-2026-09-29.txt	Ratings row 84		preserved_snapshot	snapshot		2026-08-30 / 2026-09-16	
t_bd8986d7	Breaking Bad	Во все тяжкие	2008	series	R	5		watched	master	backup/cinema/model-rjkm-master-2026-09-29.txt	Ratings row 85		preserved_snapshot	snapshot		2026-08-30 / 2026-09-16	
t_116b3787	Chernobyl	Чернобыль	2019	series	R	5		watched	master	backup/cinema/model-rjkm-master-2026-09-29.txt	Ratings row 86		preserved_snapshot	snapshot		2026-08-30 / 2026-09-16	
t_959c3cc1	True Detective	Настоящий детектив	2014	series	R	5		watched	master	backup/cinema/model-rjkm-master-2026-09-29.txt	Ratings row 87		preserved_snapshot	snapshot		2026-08-30 / 2026-09-16	Later updated from 4.
t_e5805207	Fargo	Фарго	2014	series	R	5		watched	master	backup/cinema/model-rjkm-master-2026-09-29.txt	Ratings row 88		preserved_snapshot	snapshot		2026-08-30 / 2026-09-16	Later updated from 4.
t_061c3458	House of the Dragon	Дом дракона	2022	series	R	3		watched	master	backup/cinema/model-rjkm-master-2026-09-29.txt	Ratings row 89		preserved_snapshot	snapshot		2026-08-30 / 2026-09-16	
t_13d1a409	The Boys	Пацаны	2019	series	R	4		watched	master	backup/cinema/model-rjkm-master-2026-09-29.txt	Ratings row 90		preserved_snapshot	snapshot		2026-08-30 / 2026-09-16	
t_62c1cfb9	The Queen's Gambit	Ход королевы	2020	series	R	4		watched	master	backup/cinema/model-rjkm-master-2026-09-29.txt	Ratings row 91		preserved_snapshot	snapshot		2026-08-30 / 2026-09-16	
t_e7a50e89	The White Lotus	Белый лотос	2021	series	R	?		watched_forgot	master	backup/cinema/model-rjkm-master-2026-09-29.txt	Ratings row 92		preserved_snapshot	snapshot		2026-08-30 / 2026-09-16	Смотрел, но оценка не помнится.
t_8e1f0400	Ted Lasso	Тед Лассо	2020	series	R	0		not_watched	master	backup/cinema/model-rjkm-master-2026-09-29.txt	Ratings row 93		preserved_snapshot	snapshot		2026-08-30 / 2026-09-16	
t_47b80ce5	Dark	Тьма	2017	series	R	3		watched	master	backup/cinema/model-rjkm-master-2026-09-29.txt	Ratings row 94		preserved_snapshot	snapshot		2026-08-30 / 2026-09-16	
t_45d4d4c9	Dungeons & Dragons: Honor Among Thieves	Подземелья и драконы: Честь среди воров		film	M			recommended	master_watchlist	backup/cinema/model-rjkm-master-2026-09-29.txt	M_watchlist row 1		preserved_snapshot	snapshot		2026-09-15/18	Не смотрела; основной watchlist
t_8b100c7a	Togo	Того		film	M			recommended	master_watchlist	backup/cinema/model-rjkm-master-2026-09-29.txt	M_watchlist row 2		preserved_snapshot	snapshot		2026-09-15/18	Не смотрела; основной watchlist
t_aaa7ab7f	Big Hero 6	Город героев		animation	M			recommended	master_watchlist	backup/cinema/model-rjkm-master-2026-09-29.txt	M_watchlist row 3		preserved_snapshot	snapshot		2026-09-15/18	Не смотрела; основной watchlist
t_804e8118	Free Guy	Главный герой		film	M			recommended	master_watchlist	backup/cinema/model-rjkm-master-2026-09-29.txt	M_watchlist row 4		preserved_snapshot	snapshot		2026-09-15/18	Не смотрела; основной watchlist
t_89b12409	Rescued by Ruby	Спасение Руби		film	M			recommended	master_watchlist	backup/cinema/model-rjkm-master-2026-09-29.txt	M_watchlist row 5		preserved_snapshot	snapshot		2026-09-15/18	Не смотрела; основной watchlist
t_9e9c0df0	Star Wars: Skeleton Crew	Звёздные войны: Опорная команда		series	M			recommended	master_watchlist	backup/cinema/model-rjkm-master-2026-09-29.txt	M_watchlist row 6		preserved_snapshot	snapshot		2026-09-15/18	Не смотрела; основной watchlist
t_5298de06	The Owl House	Дом совы		series	M			recommended	master_watchlist	backup/cinema/model-rjkm-master-2026-09-29.txt	M_watchlist row 7		preserved_snapshot	snapshot		2026-09-15/18	Не смотрела; основной watchlist
t_b4e80dd3	Star Wars Rebels	Звёздные войны: Повстанцы		series	M			recommended	master_watchlist	backup/cinema/model-rjkm-master-2026-09-29.txt	M_watchlist row 8		preserved_snapshot	snapshot		2026-09-15/18	Не смотрела; основной watchlist
t_c0fd0b64	A Good Girl’s Guide to Murder	Руководство по убийству для хорошей девочки		series	M			recommended	master_watchlist	backup/cinema/model-rjkm-master-2026-09-29.txt	M_watchlist row 9		preserved_snapshot	snapshot		2026-09-15/18	Не смотрела; основной watchlist
t_8d0a4ef3	Percy Jackson and the Olympians	Перси Джексон и Олимпийцы		series	M			recommended	master_watchlist	backup/cinema/model-rjkm-master-2026-09-29.txt	M_watchlist row 10		preserved_snapshot	snapshot		2026-09-15/18	Не смотрела; основной watchlist
t_ba9ac1e9	The Mitchells vs. the Machines	Митчеллы против машин		animation	M			candidate	master_watchlist	backup/cinema/model-rjkm-master-2026-09-29.txt	M_watchlist row 11		preserved_snapshot	snapshot		2026-09-18	Дополнительный кандидат
t_45b5dbd3	One Piece	Ван-Пис		series	M			candidate	master_watchlist	backup/cinema/model-rjkm-master-2026-09-29.txt	M_watchlist row 12		preserved_snapshot	snapshot		2026-09-18	Дополнительный кандидат
t_5072d5ff	Финник	Финник		animation	M			candidate	master_watchlist	backup/cinema/model-rjkm-master-2026-09-29.txt	M_watchlist row 13		preserved_snapshot	snapshot		2026-09-18	Дополнительный кандидат
t_ded30d41	Коты Эрмитажа	Коты Эрмитажа		animation	M			candidate	master_watchlist	backup/cinema/model-rjkm-master-2026-09-29.txt	M_watchlist row 14		preserved_snapshot	snapshot		2026-09-18	Дополнительный кандидат
t_2beda064	Домовёнок Кузя	Домовёнок Кузя	2024	film	M			candidate	master_watchlist	backup/cinema/model-rjkm-master-2026-09-29.txt	M_watchlist row 15		preserved_snapshot	snapshot		2026-09-18	2024; дополнительный кандидат
t_c37b461e	Последний богатырь: Наследие	Последний богатырь: Наследие		series	M			candidate	master_watchlist	backup/cinema/model-rjkm-master-2026-09-29.txt	M_watchlist row 16		preserved_snapshot	snapshot		2026-09-18	Дополнительный кандидат
t_908fac31	Wednesday	Уэнсдэй	2022	series	M	5	3	watched	master_watchlist	backup/cinema/model-rjkm-master-2026-09-29.txt	M_watchlist row 17		preserved_snapshot	snapshot		2026-09-15	
t_7c77678b	Moana	Моана		animation	M	5	3	watched	master_watchlist	backup/cinema/model-rjkm-master-2026-09-29.txt	M_watchlist row 18		preserved_snapshot	snapshot		2026-09-15	
t_3ef8f31f	Coco	Тайна Коко		animation	M	5	3	watched	master_watchlist	backup/cinema/model-rjkm-master-2026-09-29.txt	M_watchlist row 19		preserved_snapshot	snapshot		2026-09-15	
t_c8d6c314	Hachi: A Dog's Tale	Хатико: Самый верный друг		film	M	5	3	watched	master_watchlist	backup/cinema/model-rjkm-master-2026-09-29.txt	M_watchlist row 20		preserved_snapshot	snapshot		2026-09-15	
t_1d3f8953	A Dog's Purpose	Собачья жизнь		film	M	5	3	watched	master_watchlist	backup/cinema/model-rjkm-master-2026-09-29.txt	M_watchlist row 21		preserved_snapshot	snapshot		2026-09-15	
t_cf5a29be	How to Train Your Dragon	Как приручить дракона		animation	M	5	3	watched	master_watchlist	backup/cinema/model-rjkm-master-2026-09-29.txt	M_watchlist row 22		preserved_snapshot	snapshot		2026-09-15	
t_b644ea9a	Манюня	Манюня		series	M	5		watched	master_watchlist	backup/cinema/model-rjkm-master-2026-09-29.txt	M_watchlist row 23		preserved_snapshot	snapshot		2026-09-18	
t_38b5df27	Vampires of the Middle Zone	Вампиры средней полосы	2021	series	M	5		watched	master_watchlist	backup/cinema/model-rjkm-master-2026-09-29.txt	M_watchlist row 24		preserved_snapshot	snapshot		2026-09-18	
t_35860452	Полярный	Полярный		series	M			watched	master_watchlist	backup/cinema/model-rjkm-master-2026-09-29.txt	M_watchlist row 25		preserved_snapshot	snapshot		2026-09-18	
t_27d3b9f0	Пищеблок	Пищеблок	2021	series	M			watched	master_watchlist	backup/cinema/model-rjkm-master-2026-09-29.txt	M_watchlist row 26		preserved_snapshot	snapshot		2026-09-18	
t_932da072	Очень странная деревня	Очень странная деревня		series	M			watched	master_watchlist	backup/cinema/model-rjkm-master-2026-09-29.txt	M_watchlist row 27		preserved_snapshot	snapshot		2026-09-18	
t_90fe316d	Pirates of the Caribbean (series)	Пираты Карибского моря — вся серия		film franchise	M			watched	master_watchlist	backup/cinema/model-rjkm-master-2026-09-29.txt	M_watchlist row 28		preserved_snapshot	snapshot		2026-09-18	
t_195cdde6	Сто лет тому вперёд	Сто лет тому вперёд	2024	film	M	5		watched	master_watchlist	backup/cinema/model-rjkm-master-2026-09-29.txt	M_watchlist row 29		preserved_snapshot	snapshot		2026-09-18	
t_2d434c27	Чебурашка	Чебурашка		film	M	4–5		watched	master_watchlist	backup/cinema/model-rjkm-master-2026-09-29.txt	M_watchlist row 30		preserved_snapshot	snapshot		2026-09-18	
t_0b4d74c4	Companion	Компаньон	2025	film	R	5	3	watched	fast101_recovery	backup/cinema/recovery-2026-09-30/FAST101-retrieved.tsv	R FAST101 #1	2026-09-16T09:25:10Z	unconfirmed_no_verbatim	retrieval_summary	e11-1	../source-forms/model_r_101_films_v2_exact_wiki.html	
t_64c701fb	Obsession	Обсессия	2025	film	R	5	3	watched	fast101_recovery	backup/cinema/recovery-2026-09-30/FAST101-retrieved.tsv	R FAST101 #2	2026-09-16T09:25:10Z	unconfirmed_no_verbatim	retrieval_summary	e11-1	../source-forms/model_r_101_films_v2_exact_wiki.html	
t_48ba8bba	Mayday	Mayday	2026	film	R	5	3	watched	fast101_recovery	backup/cinema/recovery-2026-09-30/FAST101-retrieved.tsv	R FAST101 #3	2026-09-16T09:25:10Z	unconfirmed_no_verbatim	retrieval_summary	e11-1	../source-forms/model_r_101_films_v2_exact_wiki.html	
t_f7512ea6	Wrecking Crew	Wrecking Crew	2026	film	R	5	0	watched	fast101_recovery	backup/cinema/recovery-2026-09-30/FAST101-retrieved.tsv	R FAST101 #4	2026-09-16T09:25:10Z	unconfirmed_no_verbatim	retrieval_summary	e11-1	../source-forms/model_r_101_films_v2_exact_wiki.html	
t_b2d8daff	Drop	Дроп	2025	film	R	4	0	watched	fast101_recovery	backup/cinema/recovery-2026-09-30/FAST101-retrieved.tsv	R FAST101 #5	2026-09-16T09:25:10Z	unconfirmed_no_verbatim	retrieval_summary	e11-1	../source-forms/model_r_101_films_v2_exact_wiki.html	
t_4ac0609f	Fight or Flight	Fight or Flight	2025	film	R	5	3	watched	fast101_recovery	backup/cinema/recovery-2026-09-30/FAST101-retrieved.tsv	R FAST101 #6	2026-09-16T09:25:10Z	unconfirmed_no_verbatim	retrieval_summary	e11-1	../source-forms/model_r_101_films_v2_exact_wiki.html	
t_bed75ed0	Death of a Unicorn	Смерть единорога	2025	film	R	1	0	watched	fast101_recovery	backup/cinema/recovery-2026-09-30/FAST101-retrieved.tsv	R FAST101 #7	2026-09-16T09:25:10Z	unconfirmed_no_verbatim	retrieval_summary	e11-1	../source-forms/model_r_101_films_v2_exact_wiki.html	
t_880223f3	The Dead Don't Die	Мёртвые не умирают	2019	film	R	1	0	watched	fast101_recovery	backup/cinema/recovery-2026-09-30/FAST101-retrieved.tsv	R FAST101 #8	2026-09-16T09:25:10Z	unconfirmed_no_verbatim	retrieval_summary	e11-1	../source-forms/model_r_101_films_v2_exact_wiki.html	
t_f6d5b9af	The Menu	Меню	2022	film	R	?		watched_forgot	fast101_recovery	backup/cinema/recovery-2026-09-30/FAST101-retrieved.tsv	R FAST101 #9	2026-09-16T09:25:10Z	unconfirmed_no_verbatim	retrieval_summary	e11-1	../source-forms/model_r_101_films_v2_exact_wiki.html	
t_037c51fc	10 Cloverfield Lane	Кловерфилд, 10	2016		R	0		not_watched	fast101_recovery	backup/cinema/recovery-2026-09-30/FAST101-retrieved.tsv	R FAST101 #10	2026-09-16T09:25:10Z	unconfirmed_no_verbatim	retrieval_summary	e11-1	../source-forms/model_r_101_films_v2_exact_wiki.html	
t_bfbdfe00	Ex Machina	Из машины	2014	film	R	?		watched_forgot	fast101_recovery	backup/cinema/recovery-2026-09-30/FAST101-retrieved.tsv	R FAST101 #11	2026-09-16T09:25:10Z	unconfirmed_no_verbatim	retrieval_summary	e11-2	../source-forms/model_r_101_films_v2_exact_wiki.html	
t_366ae457	The Prestige	Престиж	2006	film	R	?		watched_forgot	fast101_recovery	backup/cinema/recovery-2026-09-30/FAST101-retrieved.tsv	R FAST101 #12	2026-09-16T09:25:10Z	unconfirmed_no_verbatim	retrieval_summary	e11-2	../source-forms/model_r_101_films_v2_exact_wiki.html	
t_92eab92b	Inception	Начало	2010	film	R	5	3	watched	fast101_recovery	backup/cinema/recovery-2026-09-30/FAST101-retrieved.tsv	R FAST101 #13	2026-09-16T09:25:10Z	unconfirmed_no_verbatim	retrieval_summary	e11-2	../source-forms/model_r_101_films_v2_exact_wiki.html	
t_ec3aba37	Gone Girl	Исчезнувшая	2014	film	R	5	3	watched	fast101_recovery	backup/cinema/recovery-2026-09-30/FAST101-retrieved.tsv	R FAST101 #14	2026-09-16T09:25:10Z	unconfirmed_no_verbatim	retrieval_summary	e11-2	../source-forms/model_r_101_films_v2_exact_wiki.html	
t_e74eecbb	Source Code	Исходный код	2011	film	R	0		not_watched	fast101_recovery	backup/cinema/recovery-2026-09-30/FAST101-retrieved.tsv	R FAST101 #15	2026-09-16T09:25:10Z	unconfirmed_no_verbatim	retrieval_summary	e11-2	../source-forms/model_r_101_films_v2_exact_wiki.html	
t_65e86303	Edge of Tomorrow	Грань будущего	2014	film	R	5	3	watched	fast101_recovery	backup/cinema/recovery-2026-09-30/FAST101-retrieved.tsv	R FAST101 #16	2026-09-16T09:25:10Z	unconfirmed_no_verbatim	retrieval_summary	e11-2	../source-forms/model_r_101_films_v2_exact_wiki.html	
t_f616307b	Oblivion	Обливион	2013	film	R	5	3	watched	fast101_recovery	backup/cinema/recovery-2026-09-30/FAST101-retrieved.tsv	R FAST101 #17	2026-09-16T09:25:10Z	unconfirmed_no_verbatim	retrieval_summary	e11-2	../source-forms/model_r_101_films_v2_exact_wiki.html	
t_4a276650	The Martian	Марсианин	2015	film	R	5	3	watched	fast101_recovery	backup/cinema/recovery-2026-09-30/FAST101-retrieved.tsv	R FAST101 #18	2026-09-16T09:25:10Z	unconfirmed_no_verbatim	retrieval_summary	e11-2	../source-forms/model_r_101_films_v2_exact_wiki.html	
t_1694af0e	Gattaca	Гаттака	1997	film	R	5	3	watched	fast101_recovery	backup/cinema/recovery-2026-09-30/FAST101-retrieved.tsv	R FAST101 #19	2026-09-16T09:25:10Z	unconfirmed_no_verbatim	retrieval_summary	e11-2	../source-forms/model_r_101_films_v2_exact_wiki.html	
t_74a2d5c4	Blade Runner 2049	Бегущий по лезвию 2049	2017	film	R	5	2	watched	fast101_recovery	backup/cinema/recovery-2026-09-30/FAST101-retrieved.tsv	R FAST101 #20	2026-09-16T09:25:10Z	unconfirmed_no_verbatim	retrieval_summary	e11-2	../source-forms/model_r_101_films_v2_exact_wiki.html	
t_54811289	Equilibrium	Эквилибриум	2002	film	R	5	3	watched	fast101_recovery	backup/cinema/recovery-2026-09-30/FAST101-retrieved.tsv	R FAST101 #21	2026-09-16T09:25:10Z	unconfirmed_no_verbatim	retrieval_summary	e05-1	../source-forms/model_r_101_films_v2_exact_wiki.html	
t_299257bd	The Fifth Element	Пятый элемент	1997	film	R	5	3	watched	fast101_recovery	backup/cinema/recovery-2026-09-30/FAST101-retrieved.tsv	R FAST101 #22	2026-09-16T09:25:10Z	unconfirmed_no_verbatim	retrieval_summary	e05-1	../source-forms/model_r_101_films_v2_exact_wiki.html	
t_a5194ead	The Terminator	Терминатор	1984	film	R	5	3	watched	fast101_recovery	backup/cinema/recovery-2026-09-30/FAST101-retrieved.tsv	R FAST101 #23	2026-09-16T09:25:10Z	unconfirmed_no_verbatim	retrieval_summary	e05-1	../source-forms/model_r_101_films_v2_exact_wiki.html	
t_c3d250cc	Terminator 2: Judgment Day	Терминатор 2: Судный день	1991	film	R	5	3	watched	fast101_recovery	backup/cinema/recovery-2026-09-30/FAST101-retrieved.tsv	R FAST101 #24	2026-09-16T09:25:10Z	unconfirmed_no_verbatim	retrieval_summary	e05-1	../source-forms/model_r_101_films_v2_exact_wiki.html	
t_e77fae9c	Back to the Future	Назад в будущее	1985	film	R	5	3	watched	fast101_recovery	backup/cinema/recovery-2026-09-30/FAST101-retrieved.tsv	R FAST101 #25	2026-09-16T09:25:10Z	unconfirmed_no_verbatim	retrieval_summary	e05-1	../source-forms/model_r_101_films_v2_exact_wiki.html	
t_b659f903	Back to the Future Part II	Назад в будущее 2	1989	film	R	5	3	watched	fast101_recovery	backup/cinema/recovery-2026-09-30/FAST101-retrieved.tsv	R FAST101 #26	2026-09-16T09:25:10Z	unconfirmed_no_verbatim	retrieval_summary	e05-1	../source-forms/model_r_101_films_v2_exact_wiki.html	
t_16bc2b70	Back to the Future Part III	Назад в будущее 3	1990	film	R	5	3	watched	fast101_recovery	backup/cinema/recovery-2026-09-30/FAST101-retrieved.tsv	R FAST101 #27	2026-09-16T09:25:10Z	unconfirmed_no_verbatim	retrieval_summary	e05-1	../source-forms/model_r_101_films_v2_exact_wiki.html	
t_ce79f6fa	Point Break	На гребне волны	1991	film	R	5	3	watched	fast101_recovery	backup/cinema/recovery-2026-09-30/FAST101-retrieved.tsv	R FAST101 #28	2026-09-16T09:25:10Z	unconfirmed_no_verbatim	retrieval_summary	e05-1	../source-forms/model_r_101_films_v2_exact_wiki.html	
t_6be01ee9	John Wick	Джон Уик	2014	film	R	5	3	watched	fast101_recovery	backup/cinema/recovery-2026-09-30/FAST101-retrieved.tsv	R FAST101 #29	2026-09-16T09:25:10Z	unconfirmed_no_verbatim	retrieval_summary	e05-1	../source-forms/model_r_101_films_v2_exact_wiki.html	
t_9a6d66b0	Snatch	Большой куш	2000	film	R	5	3	watched	fast101_recovery	backup/cinema/recovery-2026-09-30/FAST101-retrieved.tsv	R FAST101 #30	2026-09-16T09:25:10Z	unconfirmed_no_verbatim	retrieval_summary	e05-1	../source-forms/model_r_101_films_v2_exact_wiki.html	
t_81a3faad	The Gentlemen	Джентльмены	2019	film	R	5	3	watched	fast101_recovery	backup/cinema/recovery-2026-09-30/FAST101-retrieved.tsv	R FAST101 #31	2026-09-16T09:25:10Z	unconfirmed_no_verbatim	retrieval_summary	e05-2	../source-forms/model_r_101_films_v2_exact_wiki.html	
t_87180578	The Wolf of Wall Street	Волк с Уолл-стрит	2013	film	R	5	3	watched	fast101_recovery	backup/cinema/recovery-2026-09-30/FAST101-retrieved.tsv	R FAST101 #32	2026-09-16T09:25:10Z	unconfirmed_no_verbatim	retrieval_summary	e05-2	../source-forms/model_r_101_films_v2_exact_wiki.html	
t_64b06758	The Green Mile	Зелёная миля	1999	film	R	5	3	watched	fast101_recovery	backup/cinema/recovery-2026-09-30/FAST101-retrieved.tsv	R FAST101 #33	2026-09-16T09:25:10Z	unconfirmed_no_verbatim	retrieval_summary	e05-2	../source-forms/model_r_101_films_v2_exact_wiki.html	
t_50d43bf0	The Shawshank Redemption	Побег из Шоушенка	1994	film	R	5	3	watched	fast101_recovery	backup/cinema/recovery-2026-09-30/FAST101-retrieved.tsv	R FAST101 #34	2026-09-16T09:25:10Z	unconfirmed_no_verbatim	retrieval_summary	e05-2	../source-forms/model_r_101_films_v2_exact_wiki.html	
t_042ab5a7	Rain Man	Человек дождя	1988	film	R	5	3	watched	fast101_recovery	backup/cinema/recovery-2026-09-30/FAST101-retrieved.tsv	R FAST101 #35	2026-09-16T09:25:10Z	unconfirmed_no_verbatim	retrieval_summary	e05-2	../source-forms/model_r_101_films_v2_exact_wiki.html	
t_887e70ed	Amélie	Амели	2001	film	R	5	3	watched	fast101_recovery	backup/cinema/recovery-2026-09-30/FAST101-retrieved.tsv	R FAST101 #36	2026-09-16T09:25:10Z	unconfirmed_no_verbatim	retrieval_summary	e05-2	../source-forms/model_r_101_films_v2_exact_wiki.html	
t_20db02a3	Ghost	Привидение	1990	film	R	5	3	watched	fast101_recovery	backup/cinema/recovery-2026-09-30/FAST101-retrieved.tsv	R FAST101 #37	2026-09-16T09:25:10Z	unconfirmed_no_verbatim	retrieval_summary	e05-2	../source-forms/model_r_101_films_v2_exact_wiki.html	
t_d95bd29b	Les Parapluies de Cherbourg	Шербурские зонтики	1964		R	?		watched_forgot	fast101_recovery	backup/cinema/recovery-2026-09-30/FAST101-retrieved.tsv	R FAST101 #38	2026-09-16T09:25:10Z	unconfirmed_no_verbatim	retrieval_summary	e05-2	../source-forms/model_r_101_films_v2_exact_wiki.html	Поиск написал missing, но явно уточнил: смотрел, оценку не помню. Сохранено как ?.
t_3a259202	Cabaret	Кабаре	1972	film	R	5	3	watched	fast101_recovery	backup/cinema/recovery-2026-09-30/FAST101-retrieved.tsv	R FAST101 #39	2026-09-16T09:25:10Z	unconfirmed_no_verbatim	retrieval_summary	e05-2	../source-forms/model_r_101_films_v2_exact_wiki.html	
t_8da7111a	Moulin Rouge!	Мулен Руж!	2001	film	R	5	3	watched	fast101_recovery	backup/cinema/recovery-2026-09-30/FAST101-retrieved.tsv	R FAST101 #40	2026-09-16T09:25:10Z	unconfirmed_no_verbatim	retrieval_summary	e05-2	../source-forms/model_r_101_films_v2_exact_wiki.html	
t_c7c3b179	Mamma Mia!	Мамма Mia!	2008	film	R	5	3	watched	fast101_recovery	backup/cinema/recovery-2026-09-30/FAST101-retrieved.tsv	R FAST101 #41	2026-09-16T09:25:10Z	unconfirmed_no_verbatim	retrieval_summary	e01-1	../source-forms/model_r_101_films_v2_exact_wiki.html	
t_0164d60d	Six-String Samurai	Шестиструнный самурай	1998	film	R	5	3	watched	fast101_recovery	backup/cinema/recovery-2026-09-30/FAST101-retrieved.tsv	R FAST101 #42	2026-09-16T09:25:10Z	unconfirmed_no_verbatim	retrieval_summary	e01-1	../source-forms/model_r_101_films_v2_exact_wiki.html	
t_ccb36e6f	1408	1408	2007	film	R	5	1	watched	fast101_recovery	backup/cinema/recovery-2026-09-30/FAST101-retrieved.tsv	R FAST101 #43	2026-09-16T09:25:10Z	unconfirmed_no_verbatim	retrieval_summary	e01-1	../source-forms/model_r_101_films_v2_exact_wiki.html	
t_7e9181bb	The Fugitive	Беглец	1993		R	?		watched_forgot	fast101_recovery	backup/cinema/recovery-2026-09-30/FAST101-retrieved.tsv	R FAST101 #44	2026-09-16T09:25:10Z	unconfirmed_no_verbatim	retrieval_summary	e01-1	../source-forms/model_r_101_films_v2_exact_wiki.html	
t_c4651520	L.A. Confidential	Секреты Лос-Анджелеса	1997	film	R	5	3	watched	fast101_recovery	backup/cinema/recovery-2026-09-30/FAST101-retrieved.tsv	R FAST101 #45	2026-09-16T09:25:10Z	unconfirmed_no_verbatim	retrieval_summary	e01-1	../source-forms/model_r_101_films_v2_exact_wiki.html	
t_cb907a27	The Big Lebowski	Большой Лебовски	1998	film	R	5	3	watched	fast101_recovery	backup/cinema/recovery-2026-09-30/FAST101-retrieved.tsv	R FAST101 #46	2026-09-16T09:25:10Z	unconfirmed_no_verbatim	retrieval_summary	e01-1	../source-forms/model_r_101_films_v2_exact_wiki.html	
t_d92ee9d5	Barton Fink	Бартон Финк	1991	film	R	?		watched_forgot	fast101_recovery	backup/cinema/recovery-2026-09-30/FAST101-retrieved.tsv	R FAST101 #47	2026-09-16T09:25:10Z	unconfirmed_no_verbatim	retrieval_summary	e01-1	../source-forms/model_r_101_films_v2_exact_wiki.html	
t_3eaf5df3	Se7en	Семь	1995	film	R	5	3	watched	fast101_recovery	backup/cinema/recovery-2026-09-30/FAST101-retrieved.tsv	R FAST101 #48	2026-09-16T09:25:10Z	unconfirmed_no_verbatim	retrieval_summary	e01-1	../source-forms/model_r_101_films_v2_exact_wiki.html	
t_d7a386f2	Memento	Помни	2000	film	R	5	3	watched	fast101_recovery	backup/cinema/recovery-2026-09-30/FAST101-retrieved.tsv	R FAST101 #49	2026-09-16T09:25:10Z	unconfirmed_no_verbatim	retrieval_summary	e01-1	../source-forms/model_r_101_films_v2_exact_wiki.html	
t_63c50870	The Game	Игра	1997	film	R	5	3	watched	fast101_recovery	backup/cinema/recovery-2026-09-30/FAST101-retrieved.tsv	R FAST101 #50	2026-09-16T09:25:10Z	unconfirmed_no_verbatim	retrieval_summary	e01-1	../source-forms/model_r_101_films_v2_exact_wiki.html	
t_ea2202ac	Prisoners	Пленницы	2013	film	R	?		watched_forgot	fast101_recovery	backup/cinema/recovery-2026-09-30/FAST101-retrieved.tsv	R FAST101 #51	2026-09-16T09:25:10Z	unconfirmed_no_verbatim	retrieval_summary	e01-1	../source-forms/model_r_101_films_v2_exact_wiki.html	
t_c9eb222c	Zodiac	Зодиак	2007	film	R	?		watched_forgot	fast101_recovery	backup/cinema/recovery-2026-09-30/FAST101-retrieved.tsv	R FAST101 #52	2026-09-16T09:25:10Z	unconfirmed_no_verbatim	retrieval_summary	e01-1	../source-forms/model_r_101_films_v2_exact_wiki.html	
t_acbbed8e	Shutter Island	Остров проклятых	2010	film	R	5	3	watched	fast101_recovery	backup/cinema/recovery-2026-09-30/FAST101-retrieved.tsv	R FAST101 #53	2026-09-16T09:25:10Z	unconfirmed_no_verbatim	retrieval_summary	e01-1	../source-forms/model_r_101_films_v2_exact_wiki.html	
t_d9291e4f	The Girl with the Dragon Tattoo	Девушка с татуировкой дракона	2011	film	R	?		watched_forgot	fast101_recovery	backup/cinema/recovery-2026-09-30/FAST101-retrieved.tsv	R FAST101 #54	2026-09-16T09:25:10Z	unconfirmed_no_verbatim	retrieval_summary	e01-1	../source-forms/model_r_101_films_v2_exact_wiki.html	
t_25b0fb29	Wind River	Ветреная река	2017	film	R	0		not_watched	fast101_recovery	backup/cinema/recovery-2026-09-30/FAST101-retrieved.tsv	R FAST101 #55	2026-09-16T09:25:10Z	unconfirmed_no_verbatim	retrieval_summary	e01-1	../source-forms/model_r_101_films_v2_exact_wiki.html	
t_3fa5f782	Searching	Поиск	2018	film	R	0		not_watched	fast101_recovery	backup/cinema/recovery-2026-09-30/FAST101-retrieved.tsv	R FAST101 #56	2026-09-16T09:25:10Z	unconfirmed_no_verbatim	retrieval_summary	e01-1	../source-forms/model_r_101_films_v2_exact_wiki.html	
t_391751a8	Missing	Пропавшая без вести	2023	film	R	0		not_watched	fast101_recovery	backup/cinema/recovery-2026-09-30/FAST101-retrieved.tsv	R FAST101 #57	2026-09-16T09:25:10Z	unconfirmed_no_verbatim	retrieval_summary	e01-1	../source-forms/model_r_101_films_v2_exact_wiki.html	
t_78a4cedb	The Outfit	Костюм	2022	film	R	0		not_watched	fast101_recovery	backup/cinema/recovery-2026-09-30/FAST101-retrieved.tsv	R FAST101 #58	2026-09-16T09:25:10Z	unconfirmed_no_verbatim	retrieval_summary	e01-1	../source-forms/model_r_101_films_v2_exact_wiki.html	
t_f465429d	The Accountant	Расплата	2016	film	R	?		watched_forgot	fast101_recovery	backup/cinema/recovery-2026-09-30/FAST101-retrieved.tsv	R FAST101 #59	2026-09-16T09:25:10Z	unconfirmed_no_verbatim	retrieval_summary	e01-1	../source-forms/model_r_101_films_v2_exact_wiki.html	
t_1701134f	Bullet Train	Быстрее пули	2022	film	R	0		not_watched	fast101_recovery	backup/cinema/recovery-2026-09-30/FAST101-retrieved.tsv	R FAST101 #60	2026-09-16T09:25:10Z	unconfirmed_no_verbatim	retrieval_summary	e01-1	../source-forms/model_r_101_films_v2_exact_wiki.html	
t_b3158b49	Nobody	Никто	2021	film	R	5	3	watched	fast101_recovery	backup/cinema/recovery-2026-09-30/FAST101-retrieved.tsv	R FAST101 #61	2026-09-16T09:25:10Z	unconfirmed_no_verbatim	retrieval_summary	e02-1	../source-forms/model_r_101_films_v2_exact_wiki.html	
t_41a96c21	Baby Driver	Малыш на драйве	2017	film	R	0		not_watched	fast101_recovery	backup/cinema/recovery-2026-09-30/FAST101-retrieved.tsv	R FAST101 #62	2026-09-16T09:25:10Z	unconfirmed_no_verbatim	retrieval_summary	e02-1	../source-forms/model_r_101_films_v2_exact_wiki.html	
t_54806a54	The Nice Guys	Славные парни	2016	film	R	0		not_watched	fast101_recovery	backup/cinema/recovery-2026-09-30/FAST101-retrieved.tsv	R FAST101 #63	2026-09-16T09:25:10Z	unconfirmed_no_verbatim	retrieval_summary	e02-1	../source-forms/model_r_101_films_v2_exact_wiki.html	
t_df0837b5	The Man from U.N.C.L.E.	Агенты А.Н.К.Л.	2015	film	R	0		not_watched	fast101_recovery	backup/cinema/recovery-2026-09-30/FAST101-retrieved.tsv	R FAST101 #64	2026-09-16T09:25:10Z	unconfirmed_no_verbatim	retrieval_summary	e02-1	../source-forms/model_r_101_films_v2_exact_wiki.html	
t_9afbcc01	Palm Springs	Палм-Спрингс	2020	film	R	0		not_watched	fast101_recovery	backup/cinema/recovery-2026-09-30/FAST101-retrieved.tsv	R FAST101 #65	2026-09-16T09:25:10Z	unconfirmed_no_verbatim	retrieval_summary	e02-1	../source-forms/model_r_101_films_v2_exact_wiki.html	
t_25275064	Game Night	Ночные игры	2018	film	R	0		not_watched	fast101_recovery	backup/cinema/recovery-2026-09-30/FAST101-retrieved.tsv	R FAST101 #66	2026-09-16T09:25:10Z	unconfirmed_no_verbatim	retrieval_summary	e02-1	../source-forms/model_r_101_films_v2_exact_wiki.html	
t_f8136845	Jojo Rabbit	Кролик Джоджо	2019	film	R	0		not_watched	fast101_recovery	backup/cinema/recovery-2026-09-30/FAST101-retrieved.tsv	R FAST101 #67	2026-09-16T09:25:10Z	unconfirmed_no_verbatim	retrieval_summary	e02-1	../source-forms/model_r_101_films_v2_exact_wiki.html	
t_239bcf99	The Grand Budapest Hotel	Отель «Гранд Будапешт»	2014	film	R	5	3	watched	fast101_recovery	backup/cinema/recovery-2026-09-30/FAST101-retrieved.tsv	R FAST101 #68	2026-09-16T09:25:10Z	unconfirmed_no_verbatim	retrieval_summary	e02-1	../source-forms/model_r_101_films_v2_exact_wiki.html	
t_794411e7	Everything Everywhere All at Once	Всё везде и сразу	2022	film	R	0		not_watched	fast101_recovery	backup/cinema/recovery-2026-09-30/FAST101-retrieved.tsv	R FAST101 #69	2026-09-16T09:25:10Z	unconfirmed_no_verbatim	retrieval_summary	e02-1	../source-forms/model_r_101_films_v2_exact_wiki.html	
t_464e9997	Barbie	Барби	2023	film	R	4	1	watched	fast101_recovery	backup/cinema/recovery-2026-09-30/FAST101-retrieved.tsv	R FAST101 #70	2026-09-16T09:25:10Z	unconfirmed_no_verbatim	retrieval_summary	e02-1	../source-forms/model_r_101_films_v2_exact_wiki.html	
t_99651010	Oppenheimer	Оппенгеймер	2023	film	R	5	3	watched	fast101_recovery	backup/cinema/recovery-2026-09-30/FAST101-retrieved.tsv	R FAST101 #71	2026-09-16T09:25:10Z	unconfirmed_no_verbatim	retrieval_summary	e02-1	../source-forms/model_r_101_films_v2_exact_wiki.html	
t_e760735a	Dune	Дюна	2021	film	R	?		watched_forgot	fast101_recovery	backup/cinema/recovery-2026-09-30/FAST101-retrieved.tsv	R FAST101 #72	2026-09-16T09:25:10Z	unconfirmed_no_verbatim	retrieval_summary	e02-1	../source-forms/model_r_101_films_v2_exact_wiki.html	
t_9653ca06	Dune: Part Two	Дюна: Часть вторая	2024	film	R	?		watched_forgot	fast101_recovery	backup/cinema/recovery-2026-09-30/FAST101-retrieved.tsv	R FAST101 #73	2026-09-16T09:25:10Z	unconfirmed_no_verbatim	retrieval_summary	e02-1	../source-forms/model_r_101_films_v2_exact_wiki.html	
t_af401ef7	Arrival	Прибытие	2016	film	R	5	1	watched	fast101_recovery	backup/cinema/recovery-2026-09-30/FAST101-retrieved.tsv	R FAST101 #74	2026-09-16T09:25:10Z	unconfirmed_no_verbatim	retrieval_summary	e02-1	../source-forms/model_r_101_films_v2_exact_wiki.html	
t_ab08f929	Interstellar	Интерстеллар	2014	film	R	5	2	watched	fast101_recovery	backup/cinema/recovery-2026-09-30/FAST101-retrieved.tsv	R FAST101 #75	2026-09-16T09:25:10Z	unconfirmed_no_verbatim	retrieval_summary	e02-1	../source-forms/model_r_101_films_v2_exact_wiki.html	
t_d569747d	District 9	Район №9	2009	film	R	5	2	watched	fast101_recovery	backup/cinema/recovery-2026-09-30/FAST101-retrieved.tsv	R FAST101 #76	2026-09-16T09:25:10Z	unconfirmed_no_verbatim	retrieval_summary	e02-1	../source-forms/model_r_101_films_v2_exact_wiki.html	
t_11c183ae	Snowpiercer	Сквозь снег	2013	film	R	3	2	watched	fast101_recovery	backup/cinema/recovery-2026-09-30/FAST101-retrieved.tsv	R FAST101 #77	2026-09-16T09:25:10Z	unconfirmed_no_verbatim	retrieval_summary	e02-1	../source-forms/model_r_101_films_v2_exact_wiki.html	
t_4d963d88	Life of Pi	Жизнь Пи	2012		R	?		watched_forgot	fast101_recovery	backup/cinema/recovery-2026-09-30/FAST101-retrieved.tsv	R FAST101 #78	2026-09-16T09:25:10Z	unconfirmed_no_verbatim	retrieval_summary	e02-1	../source-forms/model_r_101_films_v2_exact_wiki.html	
t_9fabc104	Parasite	Паразиты	2019	film	R	0		not_watched	fast101_recovery	backup/cinema/recovery-2026-09-30/FAST101-retrieved.tsv	R FAST101 #79	2026-09-16T09:25:10Z	unconfirmed_no_verbatim	retrieval_summary	e02-1	../source-forms/model_r_101_films_v2_exact_wiki.html	
t_2634c891	The Invisible Man	Человек-невидимка	2020	film	R	0		not_watched	fast101_recovery	backup/cinema/recovery-2026-09-30/FAST101-retrieved.tsv	R FAST101 #80	2026-09-16T09:25:10Z	unconfirmed_no_verbatim	retrieval_summary	e02-1	../source-forms/model_r_101_films_v2_exact_wiki.html	
t_4362d318	Strange Darling	Сталкер	2024	film	R	0		not_watched	fast101_recovery	backup/cinema/recovery-2026-09-30/FAST101-retrieved.tsv	R FAST101 #81	2026-09-16T09:25:10Z	unconfirmed_no_verbatim	retrieval_summary	e03-1	../source-forms/model_r_101_films_v2_exact_wiki.html	Поиск вернул 0/🧊/n. Статус и 0 сохранены; Heat оставлен пустым: для not_watched исходная форма удаляет Heat. Исходный фрагмент сохранён в evidence.md.
t_998c2b89	Knives Out	Достать ножи	2019	film	R	0		not_watched	fast101_recovery	backup/cinema/recovery-2026-09-30/FAST101-retrieved.tsv	R FAST101 #82	2026-09-16T09:25:10Z	unconfirmed_no_verbatim	retrieval_summary	e03-1	../source-forms/model_r_101_films_v2_exact_wiki.html	Поиск вернул 0/🧊/n. Статус и 0 сохранены; Heat оставлен пустым: для not_watched исходная форма удаляет Heat. Исходный фрагмент сохранён в evidence.md.
t_6281cb5a	Glass Onion: A Knives Out Mystery	Достать ножи: Стеклянная луковица	2022	film	R	0		not_watched	fast101_recovery	backup/cinema/recovery-2026-09-30/FAST101-retrieved.tsv	R FAST101 #83	2026-09-16T09:25:10Z	unconfirmed_no_verbatim	retrieval_summary	e03-1	../source-forms/model_r_101_films_v2_exact_wiki.html	Поиск вернул 0/🧊/n. Статус и 0 сохранены; Heat оставлен пустым: для not_watched исходная форма удаляет Heat. Исходный фрагмент сохранён в evidence.md.
t_fd2246da	A Haunting in Venice	Призраки в Венеции	2023	film	R	0		not_watched	fast101_recovery	backup/cinema/recovery-2026-09-30/FAST101-retrieved.tsv	R FAST101 #84	2026-09-16T09:25:10Z	unconfirmed_no_verbatim	retrieval_summary	e03-1	../source-forms/model_r_101_films_v2_exact_wiki.html	Поиск вернул 0/🧊/n. Статус и 0 сохранены; Heat оставлен пустым: для not_watched исходная форма удаляет Heat. Исходный фрагмент сохранён в evidence.md.
t_d42d0f29	Murder on the Orient Express	Убийство в Восточном экспрессе	2017	film	R	?		watched_forgot	fast101_recovery	backup/cinema/recovery-2026-09-30/FAST101-retrieved.tsv	R FAST101 #85	2026-09-16T09:25:10Z	unconfirmed_no_verbatim	retrieval_summary	e03-1	../source-forms/model_r_101_films_v2_exact_wiki.html	
t_b3992bed	Death on the Nile	Смерть на Ниле	2022	film	R	0		not_watched	fast101_recovery	backup/cinema/recovery-2026-09-30/FAST101-retrieved.tsv	R FAST101 #86	2026-09-16T09:25:10Z	unconfirmed_no_verbatim	retrieval_summary	e03-1	../source-forms/model_r_101_films_v2_exact_wiki.html	Поиск вернул 0/🧊/n. Статус и 0 сохранены; Heat оставлен пустым: для not_watched исходная форма удаляет Heat. Исходный фрагмент сохранён в evidence.md.
t_d6ea35fe	Nightmare Alley	Аллея кошмаров	2021	film	R	0		not_watched	fast101_recovery	backup/cinema/recovery-2026-09-30/FAST101-retrieved.tsv	R FAST101 #87	2026-09-16T09:25:10Z	unconfirmed_no_verbatim	retrieval_summary	e03-1	../source-forms/model_r_101_films_v2_exact_wiki.html	Поиск вернул 0/🧊/n. Статус и 0 сохранены; Heat оставлен пустым: для not_watched исходная форма удаляет Heat. Исходный фрагмент сохранён в evidence.md.
t_151e1790	The Lighthouse	Маяк	2019	film	R	0		not_watched	fast101_recovery	backup/cinema/recovery-2026-09-30/FAST101-retrieved.tsv	R FAST101 #88	2026-09-16T09:25:10Z	unconfirmed_no_verbatim	retrieval_summary	e03-1	../source-forms/model_r_101_films_v2_exact_wiki.html	Поиск вернул 0/🧊/n. Статус и 0 сохранены; Heat оставлен пустым: для not_watched исходная форма удаляет Heat. Исходный фрагмент сохранён в evidence.md.
t_359398b6	Uncut Gems	Неогранённые драгоценности	2019	film	R	0		not_watched	fast101_recovery	backup/cinema/recovery-2026-09-30/FAST101-retrieved.tsv	R FAST101 #89	2026-09-16T09:25:10Z	unconfirmed_no_verbatim	retrieval_summary	e03-1	../source-forms/model_r_101_films_v2_exact_wiki.html	Поиск вернул 0/🧊/n. Статус и 0 сохранены; Heat оставлен пустым: для not_watched исходная форма удаляет Heat. Исходный фрагмент сохранён в evidence.md.
t_96c7fd31	Saltburn	Солтберн	2023	film	R	0		not_watched	fast101_recovery	backup/cinema/recovery-2026-09-30/FAST101-retrieved.tsv	R FAST101 #90	2026-09-16T09:25:10Z	unconfirmed_no_verbatim	retrieval_summary	e03-1	../source-forms/model_r_101_films_v2_exact_wiki.html	Поиск вернул 0/🧊/n. Статус и 0 сохранены; Heat оставлен пустым: для not_watched исходная форма удаляет Heat. Исходный фрагмент сохранён в evidence.md.
t_3f6adf4d	Nope	Нет	2022	film	R	0		not_watched	fast101_recovery	backup/cinema/recovery-2026-09-30/FAST101-retrieved.tsv	R FAST101 #91	2026-09-16T09:25:10Z	unconfirmed_no_verbatim	retrieval_summary	e03-1	../source-forms/model_r_101_films_v2_exact_wiki.html	Поиск вернул 0/🧊/n. Статус и 0 сохранены; Heat оставлен пустым: для not_watched исходная форма удаляет Heat. Исходный фрагмент сохранён в evidence.md.
t_29f8f393	Get Out	Прочь	2017	film	R	0		not_watched	fast101_recovery	backup/cinema/recovery-2026-09-30/FAST101-retrieved.tsv	R FAST101 #92	2026-09-16T09:25:10Z	unconfirmed_no_verbatim	retrieval_summary	e03-1	../source-forms/model_r_101_films_v2_exact_wiki.html	Поиск вернул 0/🧊/n. Статус и 0 сохранены; Heat оставлен пустым: для not_watched исходная форма удаляет Heat. Исходный фрагмент сохранён в evidence.md.
t_dca3b3b8	Ready or Not	Я иду искать	2019	film	R	0		not_watched	fast101_recovery	backup/cinema/recovery-2026-09-30/FAST101-retrieved.tsv	R FAST101 #93	2026-09-16T09:25:10Z	unconfirmed_no_verbatim	retrieval_summary	e03-1	../source-forms/model_r_101_films_v2_exact_wiki.html	Поиск вернул 0/🧊/n. Статус и 0 сохранены; Heat оставлен пустым: для not_watched исходная форма удаляет Heat. Исходный фрагмент сохранён в evidence.md.
t_c5429cd7	The Cabin in the Woods	Хижина в лесу	2011		R	0		not_watched	fast101_recovery	backup/cinema/recovery-2026-09-30/FAST101-retrieved.tsv	R FAST101 #94	2026-09-16T09:25:10Z	unconfirmed_no_verbatim	retrieval_summary	e03-1	../source-forms/model_r_101_films_v2_exact_wiki.html	Поиск вернул 0/🧊/n. Статус и 0 сохранены; Heat оставлен пустым: для not_watched исходная форма удаляет Heat. Исходный фрагмент сохранён в evidence.md.
t_81c35f96	The Substance	Субстанция	2024	film	R	3	0	watched	fast101_recovery	backup/cinema/recovery-2026-09-30/FAST101-retrieved.tsv	R FAST101 #95	2026-09-16T09:25:10Z	unconfirmed_no_verbatim	retrieval_summary	e03-1	../source-forms/model_r_101_films_v2_exact_wiki.html	
t_8a1e29b7	Poor Things	Бедные-несчастные	2023	film	R	0		not_watched	fast101_recovery	backup/cinema/recovery-2026-09-30/FAST101-retrieved.tsv	R FAST101 #96	2026-09-16T09:25:10Z	unconfirmed_no_verbatim	retrieval_summary	e03-1	../source-forms/model_r_101_films_v2_exact_wiki.html	Поиск вернул 0/🧊/n. Статус и 0 сохранены; Heat оставлен пустым: для not_watched исходная форма удаляет Heat. Исходный фрагмент сохранён в evidence.md.
t_a6aa02fe	Three Billboards Outside Ebbing, Missouri	Три билборда на границе Эббинга, Миссури	2017	film	R	4	2	watched	fast101_recovery	backup/cinema/recovery-2026-09-30/FAST101-retrieved.tsv	R FAST101 #97	2026-09-16T09:25:10Z	unconfirmed_no_verbatim	retrieval_summary	e03-1	../source-forms/model_r_101_films_v2_exact_wiki.html	
t_519a6b9b	The Banshees of Inisherin	Банши Инишерина	2022	film	R	0		not_watched	fast101_recovery	backup/cinema/recovery-2026-09-30/FAST101-retrieved.tsv	R FAST101 #98	2026-09-16T09:25:10Z	unconfirmed_no_verbatim	retrieval_summary	e03-1	../source-forms/model_r_101_films_v2_exact_wiki.html	Поиск вернул 0/🧊/n. Статус и 0 сохранены; Heat оставлен пустым: для not_watched исходная форма удаляет Heat. Исходный фрагмент сохранён в evidence.md.
t_84faf5c0	Burn After Reading	После прочтения сжечь	2008		R	0		not_watched	fast101_recovery	backup/cinema/recovery-2026-09-30/FAST101-retrieved.tsv	R FAST101 #99	2026-09-16T09:25:10Z	unconfirmed_no_verbatim	retrieval_summary	e03-1	../source-forms/model_r_101_films_v2_exact_wiki.html	Поиск вернул 0/🧊/n. Статус и 0 сохранены; Heat оставлен пустым: для not_watched исходная форма удаляет Heat. Исходный фрагмент сохранён в evidence.md.
t_a0ac524a	Once Upon a Time... in Hollywood	Однажды в… Голливуде	2019	film	R	5	3	watched	fast101_recovery	backup/cinema/recovery-2026-09-30/FAST101-retrieved.tsv	R FAST101 #100	2026-09-16T09:25:10Z	unconfirmed_no_verbatim	retrieval_summary	e03-1	../source-forms/model_r_101_films_v2_exact_wiki.html	
t_b8b04b38	Django Unchained	Джанго освобождённый	2012		R	?		watched_forgot	fast101_recovery	backup/cinema/recovery-2026-09-30/FAST101-retrieved.tsv	R FAST101 #101	2026-09-16T09:25:10Z	unconfirmed_no_verbatim	retrieval_summary	e03-1	../source-forms/model_r_101_films_v2_exact_wiki.html	
t_9fabc104	Parasite	Паразиты	2019	film	J	0		not_watched	fast101_recovery	backup/cinema/recovery-2026-09-30/FAST101-retrieved.tsv	J FAST101 #1	2026-09-15T18:43:04Z	unconfirmed_no_verbatim	retrieval_summary	e06-2	../source-forms/j_fast101_external_ratings.html	
t_f6d5b9af	The Menu	Меню	2022	film	J	0		not_watched	fast101_recovery	backup/cinema/recovery-2026-09-30/FAST101-retrieved.tsv	J FAST101 #2	2026-09-15T18:43:04Z	unconfirmed_no_verbatim	retrieval_summary	e06-2	../source-forms/j_fast101_external_ratings.html	
t_2634c891	The Invisible Man	Человек-невидимка	2020	film	J	0		not_watched	fast101_recovery	backup/cinema/recovery-2026-09-30/FAST101-retrieved.tsv	J FAST101 #3	2026-09-15T18:43:04Z	unconfirmed_no_verbatim	retrieval_summary	e06-2	../source-forms/j_fast101_external_ratings.html	
t_359398b6	Uncut Gems	Неогранённые драгоценности	2019	film	J	0		not_watched	fast101_recovery	backup/cinema/recovery-2026-09-30/FAST101-retrieved.tsv	J FAST101 #4	2026-09-15T18:43:04Z	unconfirmed_no_verbatim	retrieval_summary	e06-2	../source-forms/j_fast101_external_ratings.html	
t_96c7fd31	Saltburn	Солтберн	2023	film	J	0		not_watched	fast101_recovery	backup/cinema/recovery-2026-09-30/FAST101-retrieved.tsv	J FAST101 #5	2026-09-15T18:43:04Z	unconfirmed_no_verbatim	retrieval_summary	e06-2	../source-forms/j_fast101_external_ratings.html	
t_d6ea35fe	Nightmare Alley	Аллея кошмаров	2021	film	J	0		not_watched	fast101_recovery	backup/cinema/recovery-2026-09-30/FAST101-retrieved.tsv	J FAST101 #6	2026-09-15T18:43:04Z	unconfirmed_no_verbatim	retrieval_summary	e06-2	../source-forms/j_fast101_external_ratings.html	
t_151e1790	The Lighthouse	Маяк	2019	film	J	0		not_watched	fast101_recovery	backup/cinema/recovery-2026-09-30/FAST101-retrieved.tsv	J FAST101 #7	2026-09-15T18:43:04Z	unconfirmed_no_verbatim	retrieval_summary	e06-2	../source-forms/j_fast101_external_ratings.html	
t_422e5099	One Battle After Another	Битва за битвой	2025	film	J	0		not_watched	fast101_recovery	backup/cinema/recovery-2026-09-30/FAST101-retrieved.tsv	J FAST101 #8	2026-09-15T18:43:04Z	unconfirmed_no_verbatim	retrieval_summary	e06-2	../source-forms/j_fast101_external_ratings.html	
t_53f040be	Sinners	Грешники	2025	film	J	0		not_watched	fast101_recovery	backup/cinema/recovery-2026-09-30/FAST101-retrieved.tsv	J FAST101 #9	2026-09-15T18:43:04Z	unconfirmed_no_verbatim	retrieval_summary	e06-2	../source-forms/j_fast101_external_ratings.html	
t_4362d318	Strange Darling	Сталкер	2024	film	J	0		not_watched	fast101_recovery	backup/cinema/recovery-2026-09-30/FAST101-retrieved.tsv	J FAST101 #10	2026-09-15T18:43:04Z	unconfirmed_no_verbatim	retrieval_summary	e06-2	../source-forms/j_fast101_external_ratings.html	
t_0b57efeb	The Gorge	Ущелье	2025	film	J	0		not_watched	fast101_recovery	backup/cinema/recovery-2026-09-30/FAST101-retrieved.tsv	J FAST101 #11	2026-09-15T18:43:04Z	unconfirmed_no_verbatim	retrieval_summary	e06-2	../source-forms/j_fast101_external_ratings.html	
t_51965eb8	Novocaine	Новокаин	2025	film	J	0		not_watched	fast101_recovery	backup/cinema/recovery-2026-09-30/FAST101-retrieved.tsv	J FAST101 #12	2026-09-15T18:43:04Z	unconfirmed_no_verbatim	retrieval_summary	e06-2	../source-forms/j_fast101_external_ratings.html	
t_5acbb087	Heads of State	Главы государств	2025	film	J	0		not_watched	fast101_recovery	backup/cinema/recovery-2026-09-30/FAST101-retrieved.tsv	J FAST101 #13	2026-09-15T18:43:04Z	unconfirmed_no_verbatim	retrieval_summary	e06-2	../source-forms/j_fast101_external_ratings.html	
t_536bb7a3	Deep Cover	Под прикрытием	2025	film	J	0		not_watched	fast101_recovery	backup/cinema/recovery-2026-09-30/FAST101-retrieved.tsv	J FAST101 #14	2026-09-15T18:43:04Z	unconfirmed_no_verbatim	retrieval_summary	e06-2	../source-forms/j_fast101_external_ratings.html	
t_8dadd786	The Fall Guy	Каскадёры	2024	film	J	0		not_watched	fast101_recovery	backup/cinema/recovery-2026-09-30/FAST101-retrieved.tsv	J FAST101 #15	2026-09-15T18:43:04Z	unconfirmed_no_verbatim	retrieval_summary	e06-2	../source-forms/j_fast101_external_ratings.html	
t_23c5ddc3	The Ministry of Ungentlemanly Warfare	Министерство неджентльменских дел	2024	film	J	0		not_watched	fast101_recovery	backup/cinema/recovery-2026-09-30/FAST101-retrieved.tsv	J FAST101 #16	2026-09-15T18:43:04Z	unconfirmed_no_verbatim	retrieval_summary	e06-2	../source-forms/j_fast101_external_ratings.html	
t_75a85fb2	Wolfs	Одинокие волки	2024	film	J	0		not_watched	fast101_recovery	backup/cinema/recovery-2026-09-30/FAST101-retrieved.tsv	J FAST101 #17	2026-09-15T18:43:04Z	unconfirmed_no_verbatim	retrieval_summary	e06-2	../source-forms/j_fast101_external_ratings.html	
t_998c2b89	Knives Out	Достать ножи	2019	film	J	0		not_watched	fast101_recovery	backup/cinema/recovery-2026-09-30/FAST101-retrieved.tsv	J FAST101 #18	2026-09-15T18:43:04Z	unconfirmed_no_verbatim	retrieval_summary	e06-2	../source-forms/j_fast101_external_ratings.html	
t_6281cb5a	Glass Onion: A Knives Out Mystery	Достать ножи: Стеклянная луковица	2022	film	J	0		not_watched	fast101_recovery	backup/cinema/recovery-2026-09-30/FAST101-retrieved.tsv	J FAST101 #19	2026-09-15T18:43:04Z	unconfirmed_no_verbatim	retrieval_summary	e06-2	../source-forms/j_fast101_external_ratings.html	
t_fd2246da	A Haunting in Venice	Призраки в Венеции	2023	film	J	0		not_watched	fast101_recovery	backup/cinema/recovery-2026-09-30/FAST101-retrieved.tsv	J FAST101 #20	2026-09-15T18:43:04Z	unconfirmed_no_verbatim	retrieval_summary	e06-2	../source-forms/j_fast101_external_ratings.html	
t_d42d0f29	Murder on the Orient Express	Убийство в Восточном экспрессе	2017	film	J	4	2	watched	fast101_recovery	backup/cinema/recovery-2026-09-30/FAST101-retrieved.tsv	J FAST101 #21	2026-09-15T18:43:04Z	unconfirmed_no_verbatim	retrieval_summary	e09-3	../source-forms/j_fast101_external_ratings.html	
t_b3992bed	Death on the Nile	Смерть на Ниле	2022	film	J	?		watched_forgot	fast101_recovery	backup/cinema/recovery-2026-09-30/FAST101-retrieved.tsv	J FAST101 #22	2026-09-15T18:43:04Z	unconfirmed_no_verbatim	retrieval_summary	e09-3	../source-forms/j_fast101_external_ratings.html	
t_ea2202ac	Prisoners	Пленницы	2013	film	J	0		not_watched	fast101_recovery	backup/cinema/recovery-2026-09-30/FAST101-retrieved.tsv	J FAST101 #23	2026-09-15T18:43:04Z	unconfirmed_no_verbatim	retrieval_summary	e09-3	../source-forms/j_fast101_external_ratings.html	
t_c9eb222c	Zodiac	Зодиак	2007	film	J	0		not_watched	fast101_recovery	backup/cinema/recovery-2026-09-30/FAST101-retrieved.tsv	J FAST101 #24	2026-09-15T18:43:04Z	unconfirmed_no_verbatim	retrieval_summary	e09-3	../source-forms/j_fast101_external_ratings.html	
t_acbbed8e	Shutter Island	Остров проклятых	2010	film	J	0		not_watched	fast101_recovery	backup/cinema/recovery-2026-09-30/FAST101-retrieved.tsv	J FAST101 #25	2026-09-15T18:43:04Z	unconfirmed_no_verbatim	retrieval_summary	e09-3	../source-forms/j_fast101_external_ratings.html	
t_c1737a54	Gone Baby Gone	Прощай, детка, прощай	2007	film	J	0		not_watched	fast101_recovery	backup/cinema/recovery-2026-09-30/FAST101-retrieved.tsv	J FAST101 #26	2026-09-15T18:43:04Z	unconfirmed_no_verbatim	retrieval_summary	e09-3	../source-forms/j_fast101_external_ratings.html	
t_d9291e4f	The Girl with the Dragon Tattoo	Девушка с татуировкой дракона	2011	film	J	?		watched_forgot	fast101_recovery	backup/cinema/recovery-2026-09-30/FAST101-retrieved.tsv	J FAST101 #27	2026-09-15T18:43:04Z	unconfirmed_no_verbatim	retrieval_summary	e09-3	../source-forms/j_fast101_external_ratings.html	
t_25b0fb29	Wind River	Ветреная река	2017	film	J	0		not_watched	fast101_recovery	backup/cinema/recovery-2026-09-30/FAST101-retrieved.tsv	J FAST101 #28	2026-09-15T18:43:04Z	unconfirmed_no_verbatim	retrieval_summary	e09-3	../source-forms/j_fast101_external_ratings.html	
t_b38e71cd	The Guilty	Виновный	2021	film	J	0		not_watched	fast101_recovery	backup/cinema/recovery-2026-09-30/FAST101-retrieved.tsv	J FAST101 #29	2026-09-15T18:43:04Z	unconfirmed_no_verbatim	retrieval_summary	e09-3	../source-forms/j_fast101_external_ratings.html	
t_3fa5f782	Searching	Поиск	2018	film	J	0		not_watched	fast101_recovery	backup/cinema/recovery-2026-09-30/FAST101-retrieved.tsv	J FAST101 #30	2026-09-15T18:43:04Z	unconfirmed_no_verbatim	retrieval_summary	e09-3	../source-forms/j_fast101_external_ratings.html	
t_391751a8	Missing	Пропавшая без вести	2023	film	J	0		not_watched	fast101_recovery	backup/cinema/recovery-2026-09-30/FAST101-retrieved.tsv	J FAST101 #31	2026-09-15T18:43:04Z	unconfirmed_no_verbatim	retrieval_summary	e09-3	../source-forms/j_fast101_external_ratings.html	
t_78a4cedb	The Outfit	Костюм	2022	film	J	0		not_watched	fast101_recovery	backup/cinema/recovery-2026-09-30/FAST101-retrieved.tsv	J FAST101 #32	2026-09-15T18:43:04Z	unconfirmed_no_verbatim	retrieval_summary	e09-3	../source-forms/j_fast101_external_ratings.html	
t_f465429d	The Accountant	Расплата	2016	film	J	0		not_watched	fast101_recovery	backup/cinema/recovery-2026-09-30/FAST101-retrieved.tsv	J FAST101 #33	2026-09-15T18:43:04Z	unconfirmed_no_verbatim	retrieval_summary	e09-3	../source-forms/j_fast101_external_ratings.html	
t_c693ccc1	The Accountant 2	Расплата 2	2025	film	J	0		not_watched	fast101_recovery	backup/cinema/recovery-2026-09-30/FAST101-retrieved.tsv	J FAST101 #34	2026-09-15T18:43:04Z	unconfirmed_no_verbatim	retrieval_summary	e09-3	../source-forms/j_fast101_external_ratings.html	
t_1701134f	Bullet Train	Быстрее пули	2022	film	J	0		not_watched	fast101_recovery	backup/cinema/recovery-2026-09-30/FAST101-retrieved.tsv	J FAST101 #35	2026-09-15T18:43:04Z	unconfirmed_no_verbatim	retrieval_summary	e09-3	../source-forms/j_fast101_external_ratings.html	
t_b3158b49	Nobody	Никто	2021	film	J	0		not_watched	fast101_recovery	backup/cinema/recovery-2026-09-30/FAST101-retrieved.tsv	J FAST101 #36	2026-09-15T18:43:04Z	unconfirmed_no_verbatim	retrieval_summary	e09-3	../source-forms/j_fast101_external_ratings.html	
t_de501392	Atomic Blonde	Взрывная блондинка	2017	film	J	0		not_watched	fast101_recovery	backup/cinema/recovery-2026-09-30/FAST101-retrieved.tsv	J FAST101 #37	2026-09-15T18:43:04Z	unconfirmed_no_verbatim	retrieval_summary	e09-3	../source-forms/j_fast101_external_ratings.html	
t_41a96c21	Baby Driver	Малыш на драйве	2017	film	J	0		not_watched	fast101_recovery	backup/cinema/recovery-2026-09-30/FAST101-retrieved.tsv	J FAST101 #38	2026-09-15T18:43:04Z	unconfirmed_no_verbatim	retrieval_summary	e09-3	../source-forms/j_fast101_external_ratings.html	
t_54806a54	The Nice Guys	Славные парни	2016	film	J	0		not_watched	fast101_recovery	backup/cinema/recovery-2026-09-30/FAST101-retrieved.tsv	J FAST101 #39	2026-09-15T18:43:04Z	unconfirmed_no_verbatim	retrieval_summary	e09-3	../source-forms/j_fast101_external_ratings.html	
t_e27744d4	Logan Lucky	Удача Логана	2017	film	J	0		not_watched	fast101_recovery	backup/cinema/recovery-2026-09-30/FAST101-retrieved.tsv	J FAST101 #40	2026-09-15T18:43:04Z	unconfirmed_no_verbatim	retrieval_summary	e09-3	../source-forms/j_fast101_external_ratings.html	
t_35710dee	Ocean's Eight	8 подруг Оушена	2018	film	J	5	3	watched	fast101_recovery	backup/cinema/recovery-2026-09-30/FAST101-retrieved.tsv	J FAST101 #41	2026-09-15T18:43:04Z	unconfirmed_no_verbatim	retrieval_summary	e01-2	../source-forms/j_fast101_external_ratings.html	
t_df0837b5	The Man from U.N.C.L.E.	Агенты А.Н.К.Л.	2015	film	J	0		not_watched	fast101_recovery	backup/cinema/recovery-2026-09-30/FAST101-retrieved.tsv	J FAST101 #42	2026-09-15T18:43:04Z	unconfirmed_no_verbatim	retrieval_summary	e05-3	../source-forms/j_fast101_external_ratings.html	
t_fbc1a517	Red Notice	Красное уведомление	2021	film	J	0		not_watched	fast101_recovery	backup/cinema/recovery-2026-09-30/FAST101-retrieved.tsv	J FAST101 #43	2026-09-15T18:43:04Z	unconfirmed_no_verbatim	retrieval_summary	e05-3	../source-forms/j_fast101_external_ratings.html	
t_9afbcc01	Palm Springs	Палм-Спрингс	2020	film	J	?		watched_forgot	fast101_recovery	backup/cinema/recovery-2026-09-30/FAST101-retrieved.tsv	J FAST101 #44	2026-09-15T18:43:04Z	unconfirmed_no_verbatim	retrieval_summary	e05-3	../source-forms/j_fast101_external_ratings.html	
t_25275064	Game Night	Ночные игры	2018	film	J	0		not_watched	fast101_recovery	backup/cinema/recovery-2026-09-30/FAST101-retrieved.tsv	J FAST101 #45	2026-09-15T18:43:04Z	unconfirmed_no_verbatim	retrieval_summary	e05-3	../source-forms/j_fast101_external_ratings.html	
t_bd4268ed	The Lost City	Затерянный город	2022	film	J	0		not_watched	fast101_recovery	backup/cinema/recovery-2026-09-30/FAST101-retrieved.tsv	J FAST101 #46	2026-09-15T18:43:04Z	unconfirmed_no_verbatim	retrieval_summary	e05-3	../source-forms/j_fast101_external_ratings.html	
t_054abc5f	Ticket to Paradise	Билет в рай	2022	film	J	0		not_watched	fast101_recovery	backup/cinema/recovery-2026-09-30/FAST101-retrieved.tsv	J FAST101 #47	2026-09-15T18:43:04Z	unconfirmed_no_verbatim	retrieval_summary	e05-3	../source-forms/j_fast101_external_ratings.html	
t_9b680dcc	Crazy Rich Asians	Безумно богатые азиаты	2018	film	J	0		not_watched	fast101_recovery	backup/cinema/recovery-2026-09-30/FAST101-retrieved.tsv	J FAST101 #48	2026-09-15T18:43:04Z	unconfirmed_no_verbatim	retrieval_summary	e05-3	../source-forms/j_fast101_external_ratings.html	
t_dfd8bd04	The Holiday	Отпуск по обмену	2006	film	J	?		watched_forgot	fast101_recovery	backup/cinema/recovery-2026-09-30/FAST101-retrieved.tsv	J FAST101 #49	2026-09-15T18:43:04Z	unconfirmed_no_verbatim	retrieval_summary	e05-3	../source-forms/j_fast101_external_ratings.html	
t_c3840b3b	About Time	Бойфренд из будущего	2013	film	J	0		not_watched	fast101_recovery	backup/cinema/recovery-2026-09-30/FAST101-retrieved.tsv	J FAST101 #50	2026-09-15T18:43:04Z	unconfirmed_no_verbatim	retrieval_summary	e05-3	../source-forms/j_fast101_external_ratings.html	
t_624ea653	La La Land	Ла-Ла Ленд	2016	film	J	0		not_watched	fast101_recovery	backup/cinema/recovery-2026-09-30/FAST101-retrieved.tsv	J FAST101 #51	2026-09-15T18:43:04Z	unconfirmed_no_verbatim	retrieval_summary	e05-3	../source-forms/j_fast101_external_ratings.html	
t_1e7b8c7e	A Star Is Born	Звезда родилась	2018	film	J	0		not_watched	fast101_recovery	backup/cinema/recovery-2026-09-30/FAST101-retrieved.tsv	J FAST101 #52	2026-09-15T18:43:04Z	unconfirmed_no_verbatim	retrieval_summary	e05-3	../source-forms/j_fast101_external_ratings.html	
t_33d19290	Begin Again	Хоть раз в жизни	2013	film	J	0		not_watched	fast101_recovery	backup/cinema/recovery-2026-09-30/FAST101-retrieved.tsv	J FAST101 #53	2026-09-15T18:43:04Z	unconfirmed_no_verbatim	retrieval_summary	e05-3	../source-forms/j_fast101_external_ratings.html	
t_03a88605	Yesterday	Yesterday	2019	film	J	0		not_watched	fast101_recovery	backup/cinema/recovery-2026-09-30/FAST101-retrieved.tsv	J FAST101 #54	2026-09-15T18:43:04Z	unconfirmed_no_verbatim	retrieval_summary	e05-3	../source-forms/j_fast101_external_ratings.html	
t_b5e4bd05	Bohemian Rhapsody	Богемская рапсодия	2018	film	J	5	3	watched	fast101_recovery	backup/cinema/recovery-2026-09-30/FAST101-retrieved.tsv	J FAST101 #55	2026-09-15T18:43:04Z	unconfirmed_no_verbatim	retrieval_summary	e01-2	../source-forms/j_fast101_external_ratings.html	
t_17d483ad	Rocketman	Рокетмен	2019	film	J	5	3	watched	fast101_recovery	backup/cinema/recovery-2026-09-30/FAST101-retrieved.tsv	J FAST101 #56	2026-09-15T18:43:04Z	unconfirmed_no_verbatim	retrieval_summary	e01-2	../source-forms/j_fast101_external_ratings.html	
t_31641a9c	Elvis	Элвис	2022	film	J	5	3	watched	fast101_recovery	backup/cinema/recovery-2026-09-30/FAST101-retrieved.tsv	J FAST101 #57	2026-09-15T18:43:04Z	unconfirmed_no_verbatim	retrieval_summary	e01-2	../source-forms/j_fast101_external_ratings.html	
t_2236d0f5	The Holdovers	Оставленные	2023	film	J	?		watched_forgot	fast101_recovery	backup/cinema/recovery-2026-09-30/FAST101-retrieved.tsv	J FAST101 #58	2026-09-15T18:43:04Z	unconfirmed_no_verbatim	retrieval_summary	e01-2	../source-forms/j_fast101_external_ratings.html	
t_47e4083c	Little Miss Sunshine	Маленькая мисс Счастье	2006	film	J	0		not_watched	fast101_recovery	backup/cinema/recovery-2026-09-30/FAST101-retrieved.tsv	J FAST101 #59	2026-09-15T18:43:04Z	unconfirmed_no_verbatim	retrieval_summary	e05-3	../source-forms/j_fast101_external_ratings.html	
t_e6a45275	The Intouchables	1+1	2011	film	J	0		not_watched	fast101_recovery	backup/cinema/recovery-2026-09-30/FAST101-retrieved.tsv	J FAST101 #60	2026-09-15T18:43:04Z	unconfirmed_no_verbatim	retrieval_summary	e05-3	../source-forms/j_fast101_external_ratings.html	
t_f8136845	Jojo Rabbit	Кролик Джоджо	2019	film	J	0		not_watched	fast101_recovery	backup/cinema/recovery-2026-09-30/FAST101-retrieved.tsv	J FAST101 #61	2026-09-15T18:43:04Z	unconfirmed_no_verbatim	retrieval_summary	e04-2	../source-forms/j_fast101_external_ratings.html	
t_239bcf99	The Grand Budapest Hotel	Отель «Гранд Будапешт»	2014	film	J	5	3	watched	fast101_recovery	backup/cinema/recovery-2026-09-30/FAST101-retrieved.tsv	J FAST101 #62	2026-09-15T18:43:04Z	unconfirmed_no_verbatim	retrieval_summary	e04-2	../source-forms/j_fast101_external_ratings.html	
t_9a1ebd49	The French Dispatch	Французский вестник	2021	film	J	0		not_watched	fast101_recovery	backup/cinema/recovery-2026-09-30/FAST101-retrieved.tsv	J FAST101 #63	2026-09-15T18:43:04Z	unconfirmed_no_verbatim	retrieval_summary	e04-2	../source-forms/j_fast101_external_ratings.html	
t_794411e7	Everything Everywhere All at Once	Всё везде и сразу	2022	film	J	4	2	watched	fast101_recovery	backup/cinema/recovery-2026-09-30/FAST101-retrieved.tsv	J FAST101 #64	2026-09-15T18:43:04Z	unconfirmed_no_verbatim	retrieval_summary	e04-2	../source-forms/j_fast101_external_ratings.html	
t_8a1e29b7	Poor Things	Бедные-несчастные	2023	film	J	0		not_watched	fast101_recovery	backup/cinema/recovery-2026-09-30/FAST101-retrieved.tsv	J FAST101 #65	2026-09-15T18:43:04Z	unconfirmed_no_verbatim	retrieval_summary	e04-2	../source-forms/j_fast101_external_ratings.html	
t_464e9997	Barbie	Барби	2023	film	J	4	2	watched	fast101_recovery	backup/cinema/recovery-2026-09-30/FAST101-retrieved.tsv	J FAST101 #66	2026-09-15T18:43:04Z	unconfirmed_no_verbatim	retrieval_summary	e04-2	../source-forms/j_fast101_external_ratings.html	
t_99651010	Oppenheimer	Оппенгеймер	2023	film	J	5	3	watched	fast101_recovery	backup/cinema/recovery-2026-09-30/FAST101-retrieved.tsv	J FAST101 #67	2026-09-15T18:43:04Z	unconfirmed_no_verbatim	retrieval_summary	e04-2	../source-forms/j_fast101_external_ratings.html	
t_e760735a	Dune	Дюна	2021	film	J	4	2	watched	fast101_recovery	backup/cinema/recovery-2026-09-30/FAST101-retrieved.tsv	J FAST101 #68	2026-09-15T18:43:04Z	unconfirmed_no_verbatim	retrieval_summary	e04-2	../source-forms/j_fast101_external_ratings.html	
t_9653ca06	Dune: Part Two	Дюна: Часть вторая	2024	film	J	4	2	watched	fast101_recovery	backup/cinema/recovery-2026-09-30/FAST101-retrieved.tsv	J FAST101 #69	2026-09-15T18:43:04Z	unconfirmed_no_verbatim	retrieval_summary	e04-2	../source-forms/j_fast101_external_ratings.html	
t_ccd5580c	Annihilation	Аннигиляция	2018	film	J	0		not_watched	fast101_recovery	backup/cinema/recovery-2026-09-30/FAST101-retrieved.tsv	J FAST101 #70	2026-09-15T18:43:04Z	unconfirmed_no_verbatim	retrieval_summary	e04-2	../source-forms/j_fast101_external_ratings.html	
t_b99abe4f	Ad Astra	К звёздам	2019	film	J	0		not_watched	fast101_recovery	backup/cinema/recovery-2026-09-30/FAST101-retrieved.tsv	J FAST101 #71	2026-09-15T18:43:04Z	unconfirmed_no_verbatim	retrieval_summary	e04-2	../source-forms/j_fast101_external_ratings.html	
t_3b2ab701	Moon	Луна 2112	2009	film	J	0		not_watched	fast101_recovery	backup/cinema/recovery-2026-09-30/FAST101-retrieved.tsv	J FAST101 #72	2026-09-15T18:43:04Z	unconfirmed_no_verbatim	retrieval_summary	e04-2	../source-forms/j_fast101_external_ratings.html	
t_5798efd9	Passengers	Пассажиры	2016	film	J	?		watched_forgot	fast101_recovery	backup/cinema/recovery-2026-09-30/FAST101-retrieved.tsv	J FAST101 #73	2026-09-15T18:43:04Z	unconfirmed_no_verbatim	retrieval_summary	e04-2	../source-forms/j_fast101_external_ratings.html	
t_f260d582	Upgrade	Апгрейд	2018	film	J	0		not_watched	fast101_recovery	backup/cinema/recovery-2026-09-30/FAST101-retrieved.tsv	J FAST101 #74	2026-09-15T18:43:04Z	unconfirmed_no_verbatim	retrieval_summary	e04-2	../source-forms/j_fast101_external_ratings.html	
t_e22f8911	The Creator	Создатель	2023	film	J	?		watched_forgot	fast101_recovery	backup/cinema/recovery-2026-09-30/FAST101-retrieved.tsv	J FAST101 #75	2026-09-15T18:43:04Z	unconfirmed_no_verbatim	retrieval_summary	e04-2	../source-forms/j_fast101_external_ratings.html	
t_3f6adf4d	Nope	Нет	2022	film	J	0		not_watched	fast101_recovery	backup/cinema/recovery-2026-09-30/FAST101-retrieved.tsv	J FAST101 #76	2026-09-15T18:43:04Z	unconfirmed_no_verbatim	retrieval_summary	e04-2	../source-forms/j_fast101_external_ratings.html	
t_29f8f393	Get Out	Прочь	2017	film	J	0		not_watched	fast101_recovery	backup/cinema/recovery-2026-09-30/FAST101-retrieved.tsv	J FAST101 #77	2026-09-15T18:43:04Z	unconfirmed_no_verbatim	retrieval_summary	e04-2	../source-forms/j_fast101_external_ratings.html	
t_009d45bf	Us	Мы	2019	film	J	0		not_watched	fast101_recovery	backup/cinema/recovery-2026-09-30/FAST101-retrieved.tsv	J FAST101 #78	2026-09-15T18:43:04Z	unconfirmed_no_verbatim	retrieval_summary	e04-2	../source-forms/j_fast101_external_ratings.html	
t_dca3b3b8	Ready or Not	Я иду искать	2019	film	J	0		not_watched	fast101_recovery	backup/cinema/recovery-2026-09-30/FAST101-retrieved.tsv	J FAST101 #79	2026-09-15T18:43:04Z	unconfirmed_no_verbatim	retrieval_summary	e04-2	../source-forms/j_fast101_external_ratings.html	
t_bf8b856d	Happy Death Day	Счастливого дня смерти	2017	film	J	0		not_watched	fast101_recovery	backup/cinema/recovery-2026-09-30/FAST101-retrieved.tsv	J FAST101 #80	2026-09-15T18:43:04Z	unconfirmed_no_verbatim	retrieval_summary	e04-2	../source-forms/j_fast101_external_ratings.html	
t_5ab9a7c1	Freaky	Дичь	2020	film	J	0		not_watched	fast101_recovery	backup/cinema/recovery-2026-09-30/FAST101-retrieved.tsv	J FAST101 #81	2026-09-15T18:43:04Z	unconfirmed_no_verbatim	retrieval_summary	e07-3	../source-forms/j_fast101_external_ratings.html	
t_c8213fd0	Last Night in Soho	Прошлой ночью в Сохо	2021	film	J	0		not_watched	fast101_recovery	backup/cinema/recovery-2026-09-30/FAST101-retrieved.tsv	J FAST101 #82	2026-09-15T18:43:04Z	unconfirmed_no_verbatim	retrieval_summary	e07-3	../source-forms/j_fast101_external_ratings.html	
t_d8b9bebc	Split	Сплит	2016	film	J	0		not_watched	fast101_recovery	backup/cinema/recovery-2026-09-30/FAST101-retrieved.tsv	J FAST101 #83	2026-09-15T18:43:04Z	unconfirmed_no_verbatim	retrieval_summary	e07-3	../source-forms/j_fast101_external_ratings.html	
t_369c16a1	The Visit	Визит	2015	film	J	0		not_watched	fast101_recovery	backup/cinema/recovery-2026-09-30/FAST101-retrieved.tsv	J FAST101 #84	2026-09-15T18:43:04Z	unconfirmed_no_verbatim	retrieval_summary	e07-3	../source-forms/j_fast101_external_ratings.html	
t_1412913f	The Autopsy of Jane Doe	Демон внутри	2016	film	J	0		not_watched	fast101_recovery	backup/cinema/recovery-2026-09-30/FAST101-retrieved.tsv	J FAST101 #85	2026-09-15T18:43:04Z	unconfirmed_no_verbatim	retrieval_summary	e07-3	../source-forms/j_fast101_external_ratings.html	
t_3120bc2a	A Quiet Place	Тихое место	2018	film	J	0		not_watched	fast101_recovery	backup/cinema/recovery-2026-09-30/FAST101-retrieved.tsv	J FAST101 #86	2026-09-15T18:43:04Z	unconfirmed_no_verbatim	retrieval_summary	e07-3	../source-forms/j_fast101_external_ratings.html	
t_06a59cd5	A Quiet Place Part II	Тихое место 2	2021	film	J	0		not_watched	fast101_recovery	backup/cinema/recovery-2026-09-30/FAST101-retrieved.tsv	J FAST101 #87	2026-09-15T18:43:04Z	unconfirmed_no_verbatim	retrieval_summary	e07-3	../source-forms/j_fast101_external_ratings.html	
t_9fc6dfdf	Talk to Me	Два, три, демон, приди!	2023	film	J	0		not_watched	fast101_recovery	backup/cinema/recovery-2026-09-30/FAST101-retrieved.tsv	J FAST101 #88	2026-09-15T18:43:04Z	unconfirmed_no_verbatim	retrieval_summary	e07-3	../source-forms/j_fast101_external_ratings.html	
t_1a305343	Smile	Улыбка	2022	film	J	0		not_watched	fast101_recovery	backup/cinema/recovery-2026-09-30/FAST101-retrieved.tsv	J FAST101 #89	2026-09-15T18:43:04Z	unconfirmed_no_verbatim	retrieval_summary	e07-3	../source-forms/j_fast101_external_ratings.html	
t_7c948e9f	Smile 2	Улыбка 2	2024	film	J	0		not_watched	fast101_recovery	backup/cinema/recovery-2026-09-30/FAST101-retrieved.tsv	J FAST101 #90	2026-09-15T18:43:04Z	unconfirmed_no_verbatim	retrieval_summary	e07-3	../source-forms/j_fast101_external_ratings.html	
t_240ae6d6	The Black Phone	Чёрный телефон	2021	film	J	0		not_watched	fast101_recovery	backup/cinema/recovery-2026-09-30/FAST101-retrieved.tsv	J FAST101 #91	2026-09-15T18:43:04Z	unconfirmed_no_verbatim	retrieval_summary	e07-3	../source-forms/j_fast101_external_ratings.html	
t_81c35f96	The Substance	Субстанция	2024	film	J	5	3	watched	fast101_recovery	backup/cinema/recovery-2026-09-30/FAST101-retrieved.tsv	J FAST101 #92	2026-09-15T18:43:04Z	unconfirmed_no_verbatim	retrieval_summary	e03-2	../source-forms/j_fast101_external_ratings.html	
t_aed2d981	Promising Young Woman	Девушка, подающая надежды	2020	film	J	0		not_watched	fast101_recovery	backup/cinema/recovery-2026-09-30/FAST101-retrieved.tsv	J FAST101 #93	2026-09-15T18:43:04Z	unconfirmed_no_verbatim	retrieval_summary	e08-3	../source-forms/j_fast101_external_ratings.html	
t_6fc6a09f	The Worst Person in the World	Худший человек на свете	2021	film	J	0		not_watched	fast101_recovery	backup/cinema/recovery-2026-09-30/FAST101-retrieved.tsv	J FAST101 #94	2026-09-15T18:43:04Z	unconfirmed_no_verbatim	retrieval_summary	e08-3	../source-forms/j_fast101_external_ratings.html	
t_df27289a	Anatomy of a Fall	Анатомия падения	2023	film	J	0		not_watched	fast101_recovery	backup/cinema/recovery-2026-09-30/FAST101-retrieved.tsv	J FAST101 #95	2026-09-15T18:43:04Z	unconfirmed_no_verbatim	retrieval_summary	e08-3	../source-forms/j_fast101_external_ratings.html	
t_519a6b9b	The Banshees of Inisherin	Банши Инишерина	2022	film	J	0		not_watched	fast101_recovery	backup/cinema/recovery-2026-09-30/FAST101-retrieved.tsv	J FAST101 #96	2026-09-15T18:43:04Z	unconfirmed_no_verbatim	retrieval_summary	e08-3	../source-forms/j_fast101_external_ratings.html	
t_ba6d9714	The Invisible Guest	Невидимый гость	2016	film	J	0		not_watched	fast101_recovery	backup/cinema/recovery-2026-09-30/FAST101-retrieved.tsv	J FAST101 #97	2026-09-15T18:43:04Z	unconfirmed_no_verbatim	retrieval_summary	e08-3	../source-forms/j_fast101_external_ratings.html	
t_a7938082	The Handmaiden	Служанка	2016	film	J	0		not_watched	fast101_recovery	backup/cinema/recovery-2026-09-30/FAST101-retrieved.tsv	J FAST101 #98	2026-09-15T18:43:04Z	unconfirmed_no_verbatim	retrieval_summary	e08-3	../source-forms/j_fast101_external_ratings.html	
t_039f1dea	The Gift	Подарок	2015	film	J	0		not_watched	fast101_recovery	backup/cinema/recovery-2026-09-30/FAST101-retrieved.tsv	J FAST101 #99	2026-09-15T18:43:04Z	unconfirmed_no_verbatim	retrieval_summary	e08-3	../source-forms/j_fast101_external_ratings.html	
t_e3deb0bc	The Secret in Their Eyes	Тайна в его глазах	2009	film	J	0		not_watched	fast101_recovery	backup/cinema/recovery-2026-09-30/FAST101-retrieved.tsv	J FAST101 #100	2026-09-15T18:43:04Z	unconfirmed_no_verbatim	retrieval_summary	e08-3	../source-forms/j_fast101_external_ratings.html	
t_3a67018b	The Talented Mr. Ripley	Талантливый мистер Рипли	1999	film	J	0		not_watched	fast101_recovery	backup/cinema/recovery-2026-09-30/FAST101-retrieved.tsv	J FAST101 #101	2026-09-15T18:43:04Z	unconfirmed_no_verbatim	retrieval_summary	e08-3	../source-forms/j_fast101_external_ratings.html	
t_9fabc104	Parasite	Паразиты	2019	film	K	0		not_watched	fast101_recovery	backup/cinema/recovery-2026-09-30/FAST101-retrieved.tsv	K FAST101 #1	2026-09-15T21:39:27Z	unconfirmed_no_verbatim	retrieval_summary	e06-3	../source-forms/k_101_shots_mgik_v4_verified.html	
t_f6d5b9af	The Menu	Меню	2022	film	K	0		not_watched	fast101_recovery	backup/cinema/recovery-2026-09-30/FAST101-retrieved.tsv	K FAST101 #2	2026-09-15T21:39:27Z	unconfirmed_no_verbatim	retrieval_summary	e06-3	../source-forms/k_101_shots_mgik_v4_verified.html	
t_2634c891	The Invisible Man	Человек-невидимка	2020	film	K	?		watched_forgot	fast101_recovery	backup/cinema/recovery-2026-09-30/FAST101-retrieved.tsv	K FAST101 #3	2026-09-15T21:39:27Z	unconfirmed_no_verbatim	retrieval_summary	e06-3	../source-forms/k_101_shots_mgik_v4_verified.html	
t_4362d318	Strange Darling	Сталкер	2024	film	K	0		not_watched	fast101_recovery	backup/cinema/recovery-2026-09-30/FAST101-retrieved.tsv	K FAST101 #4	2026-09-15T21:39:27Z	unconfirmed_no_verbatim	retrieval_summary	e06-3	../source-forms/k_101_shots_mgik_v4_verified.html	
t_0b4d74c4	Companion	Компаньон	2025	film	K	0		not_watched	fast101_recovery	backup/cinema/recovery-2026-09-30/FAST101-retrieved.tsv	K FAST101 #5	2026-09-15T21:39:27Z	unconfirmed_no_verbatim	retrieval_summary	e06-3	../source-forms/k_101_shots_mgik_v4_verified.html	
t_64c701fb	Obsession	Обсессия	2025	film	K	5	2	watched	fast101_recovery	backup/cinema/recovery-2026-09-30/FAST101-retrieved.tsv	K FAST101 #6	2026-09-15T21:39:27Z	unconfirmed_no_verbatim	retrieval_summary	e06-3	../source-forms/k_101_shots_mgik_v4_verified.html	
t_b2d8daff	Drop	Дроп	2025	film	K	0		not_watched	fast101_recovery	backup/cinema/recovery-2026-09-30/FAST101-retrieved.tsv	K FAST101 #7	2026-09-15T21:39:27Z	unconfirmed_no_verbatim	retrieval_summary	e06-3	../source-forms/k_101_shots_mgik_v4_verified.html	
t_4ac0609f	Fight or Flight	Fight or Flight	2025	film	K	3	1	watched	fast101_recovery	backup/cinema/recovery-2026-09-30/FAST101-retrieved.tsv	K FAST101 #8	2026-09-15T21:39:27Z	unconfirmed_no_verbatim	retrieval_summary	e06-3	../source-forms/k_101_shots_mgik_v4_verified.html	
t_998c2b89	Knives Out	Достать ножи	2019	film	K	0		not_watched	fast101_recovery	backup/cinema/recovery-2026-09-30/FAST101-retrieved.tsv	K FAST101 #9	2026-09-15T21:39:27Z	unconfirmed_no_verbatim	retrieval_summary	e06-3	../source-forms/k_101_shots_mgik_v4_verified.html	
t_6281cb5a	Glass Onion: A Knives Out Mystery	Достать ножи: Стеклянная луковица	2022	film	K	0		not_watched	fast101_recovery	backup/cinema/recovery-2026-09-30/FAST101-retrieved.tsv	K FAST101 #10	2026-09-15T21:39:27Z	unconfirmed_no_verbatim	retrieval_summary	e06-3	../source-forms/k_101_shots_mgik_v4_verified.html	
t_fd2246da	A Haunting in Venice	Призраки в Венеции	2023	film	K	0		not_watched	fast101_recovery	backup/cinema/recovery-2026-09-30/FAST101-retrieved.tsv	K FAST101 #11	2026-09-15T21:39:27Z	unconfirmed_no_verbatim	retrieval_summary	e06-3	../source-forms/k_101_shots_mgik_v4_verified.html	
t_d42d0f29	Murder on the Orient Express	Убийство в Восточном экспрессе	2017	film	K	5	2	watched	fast101_recovery	backup/cinema/recovery-2026-09-30/FAST101-retrieved.tsv	K FAST101 #12	2026-09-15T21:39:27Z	unconfirmed_no_verbatim	retrieval_summary	e06-3	../source-forms/k_101_shots_mgik_v4_verified.html	
t_b3992bed	Death on the Nile	Смерть на Ниле	2022	film	K	0		not_watched	fast101_recovery	backup/cinema/recovery-2026-09-30/FAST101-retrieved.tsv	K FAST101 #13	2026-09-15T21:39:27Z	unconfirmed_no_verbatim	retrieval_summary	e06-3	../source-forms/k_101_shots_mgik_v4_verified.html	
t_ea2202ac	Prisoners	Пленницы	2013	film	K	0		not_watched	fast101_recovery	backup/cinema/recovery-2026-09-30/FAST101-retrieved.tsv	K FAST101 #14	2026-09-15T21:39:27Z	unconfirmed_no_verbatim	retrieval_summary	e08-1	../source-forms/k_101_shots_mgik_v4_verified.html	
t_c9eb222c	Zodiac	Зодиак	2007	film	K	?		watched_forgot	fast101_recovery	backup/cinema/recovery-2026-09-30/FAST101-retrieved.tsv	K FAST101 #15	2026-09-15T21:39:27Z	unconfirmed_no_verbatim	retrieval_summary	e08-1	../source-forms/k_101_shots_mgik_v4_verified.html	
t_acbbed8e	Shutter Island	Остров проклятых	2010	film	K	4	1	watched	fast101_recovery	backup/cinema/recovery-2026-09-30/FAST101-retrieved.tsv	K FAST101 #16	2026-09-15T21:39:27Z	unconfirmed_no_verbatim	retrieval_summary	e08-1	../source-forms/k_101_shots_mgik_v4_verified.html	
t_d9291e4f	The Girl with the Dragon Tattoo	Девушка с татуировкой дракона	2011	film	K	0		not_watched	fast101_recovery	backup/cinema/recovery-2026-09-30/FAST101-retrieved.tsv	K FAST101 #17	2026-09-15T21:39:27Z	unconfirmed_no_verbatim	retrieval_summary	e08-1	../source-forms/k_101_shots_mgik_v4_verified.html	
t_25b0fb29	Wind River	Ветреная река	2017	film	K	0		not_watched	fast101_recovery	backup/cinema/recovery-2026-09-30/FAST101-retrieved.tsv	K FAST101 #18	2026-09-15T21:39:27Z	unconfirmed_no_verbatim	retrieval_summary	e08-1	../source-forms/k_101_shots_mgik_v4_verified.html	
t_3fa5f782	Searching	Поиск	2018	film	K	0		not_watched	fast101_recovery	backup/cinema/recovery-2026-09-30/FAST101-retrieved.tsv	K FAST101 #19	2026-09-15T21:39:27Z	unconfirmed_no_verbatim	retrieval_summary	e08-1	../source-forms/k_101_shots_mgik_v4_verified.html	
t_391751a8	Missing	Пропавшая без вести	2023	film	K	3	0	watched	fast101_recovery	backup/cinema/recovery-2026-09-30/FAST101-retrieved.tsv	K FAST101 #20	2026-09-15T21:39:27Z	unconfirmed_no_verbatim	retrieval_summary	e08-1;e11-3	../source-forms/k_101_shots_mgik_v4_verified.html	Слова источника: K=3 / без огонька. В сохранённой форме K это Heat=0, не буквальная реакция 🧊.
t_78a4cedb	The Outfit	Костюм	2022	film	K	0		not_watched	fast101_recovery	backup/cinema/recovery-2026-09-30/FAST101-retrieved.tsv	K FAST101 #21	2026-09-15T21:39:27Z	unconfirmed_no_verbatim	retrieval_summary	e09-4	../source-forms/k_101_shots_mgik_v4_verified.html	
t_f465429d	The Accountant	Расплата	2016	film	K	0		not_watched	fast101_recovery	backup/cinema/recovery-2026-09-30/FAST101-retrieved.tsv	K FAST101 #22	2026-09-15T21:39:27Z	unconfirmed_no_verbatim	retrieval_summary	e09-4	../source-forms/k_101_shots_mgik_v4_verified.html	
t_1701134f	Bullet Train	Быстрее пули	2022	film	K	?		watched_forgot	fast101_recovery	backup/cinema/recovery-2026-09-30/FAST101-retrieved.tsv	K FAST101 #23	2026-09-15T21:39:27Z	unconfirmed_no_verbatim	retrieval_summary	e09-4	../source-forms/k_101_shots_mgik_v4_verified.html	
t_b3158b49	Nobody	Никто	2021	film	K	4	2	watched	fast101_recovery	backup/cinema/recovery-2026-09-30/FAST101-retrieved.tsv	K FAST101 #24	2026-09-15T21:39:27Z	unconfirmed_no_verbatim	retrieval_summary	e09-4	../source-forms/k_101_shots_mgik_v4_verified.html	
t_41a96c21	Baby Driver	Малыш на драйве	2017	film	K	0		not_watched	fast101_recovery	backup/cinema/recovery-2026-09-30/FAST101-retrieved.tsv	K FAST101 #25	2026-09-15T21:39:27Z	unconfirmed_no_verbatim	retrieval_summary	e09-4	../source-forms/k_101_shots_mgik_v4_verified.html	
t_54806a54	The Nice Guys	Славные парни	2016	film	K	?		watched_forgot	fast101_recovery	backup/cinema/recovery-2026-09-30/FAST101-retrieved.tsv	K FAST101 #26	2026-09-15T21:39:27Z	unconfirmed_no_verbatim	retrieval_summary	e09-4	../source-forms/k_101_shots_mgik_v4_verified.html	
t_df0837b5	The Man from U.N.C.L.E.	Агенты А.Н.К.Л.	2015	film	K	0		not_watched	fast101_recovery	backup/cinema/recovery-2026-09-30/FAST101-retrieved.tsv	K FAST101 #27	2026-09-15T21:39:27Z	unconfirmed_no_verbatim	retrieval_summary	e09-4	../source-forms/k_101_shots_mgik_v4_verified.html	
t_9afbcc01	Palm Springs	Палм-Спрингс	2020	film	K	0		not_watched	fast101_recovery	backup/cinema/recovery-2026-09-30/FAST101-retrieved.tsv	K FAST101 #28	2026-09-15T21:39:27Z	unconfirmed_no_verbatim	retrieval_summary	e09-4	../source-forms/k_101_shots_mgik_v4_verified.html	
t_25275064	Game Night	Ночные игры	2018	film	K	0		not_watched	fast101_recovery	backup/cinema/recovery-2026-09-30/FAST101-retrieved.tsv	K FAST101 #29	2026-09-15T21:39:27Z	unconfirmed_no_verbatim	retrieval_summary	e09-4	../source-forms/k_101_shots_mgik_v4_verified.html	
t_624ea653	La La Land	Ла-Ла Ленд	2016	film	K	3	1	watched	fast101_recovery	backup/cinema/recovery-2026-09-30/FAST101-retrieved.tsv	K FAST101 #30	2026-09-15T21:39:27Z	unconfirmed_no_verbatim	retrieval_summary	e09-4	../source-forms/k_101_shots_mgik_v4_verified.html	
t_8da7111a	Moulin Rouge!	Мулен Руж!	2001	film	K	0		not_watched	fast101_recovery	backup/cinema/recovery-2026-09-30/FAST101-retrieved.tsv	K FAST101 #31	2026-09-15T21:39:27Z	unconfirmed_no_verbatim	retrieval_summary	e09-4	../source-forms/k_101_shots_mgik_v4_verified.html	
t_b5e4bd05	Bohemian Rhapsody	Богемская рапсодия	2018	film	K	?		watched_forgot	fast101_recovery	backup/cinema/recovery-2026-09-30/FAST101-retrieved.tsv	K FAST101 #32	2026-09-15T21:39:27Z	unconfirmed_no_verbatim	retrieval_summary	e09-4	../source-forms/k_101_shots_mgik_v4_verified.html	
t_17d483ad	Rocketman	Рокетмен	2019	film	K	0		not_watched	fast101_recovery	backup/cinema/recovery-2026-09-30/FAST101-retrieved.tsv	K FAST101 #33	2026-09-15T21:39:27Z	unconfirmed_no_verbatim	retrieval_summary	e09-4	../source-forms/k_101_shots_mgik_v4_verified.html	
t_f8136845	Jojo Rabbit	Кролик Джоджо	2019	film	K	0		not_watched	fast101_recovery	backup/cinema/recovery-2026-09-30/FAST101-retrieved.tsv	K FAST101 #34	2026-09-15T21:39:27Z	unconfirmed_no_verbatim	retrieval_summary	e09-4	../source-forms/k_101_shots_mgik_v4_verified.html	
t_239bcf99	The Grand Budapest Hotel	Отель «Гранд Будапешт»	2014	film	K	?		watched_forgot	fast101_recovery	backup/cinema/recovery-2026-09-30/FAST101-retrieved.tsv	K FAST101 #35	2026-09-15T21:39:27Z	unconfirmed_no_verbatim	retrieval_summary	e09-4	../source-forms/k_101_shots_mgik_v4_verified.html	
t_794411e7	Everything Everywhere All at Once	Всё везде и сразу	2022	film	K	0		not_watched	fast101_recovery	backup/cinema/recovery-2026-09-30/FAST101-retrieved.tsv	K FAST101 #36	2026-09-15T21:39:27Z	unconfirmed_no_verbatim	retrieval_summary	e09-4	../source-forms/k_101_shots_mgik_v4_verified.html	
t_464e9997	Barbie	Барби	2023	film	K	4	1	watched	fast101_recovery	backup/cinema/recovery-2026-09-30/FAST101-retrieved.tsv	K FAST101 #37	2026-09-15T21:39:27Z	unconfirmed_no_verbatim	retrieval_summary	e09-4	../source-forms/k_101_shots_mgik_v4_verified.html	
t_99651010	Oppenheimer	Оппенгеймер	2023	film	K	4	0	watched	fast101_recovery	backup/cinema/recovery-2026-09-30/FAST101-retrieved.tsv	K FAST101 #38	2026-09-15T21:39:27Z	unconfirmed_no_verbatim	retrieval_summary	e09-4	../source-forms/k_101_shots_mgik_v4_verified.html	
t_e760735a	Dune	Дюна	2021	film	K	0		not_watched	fast101_recovery	backup/cinema/recovery-2026-09-30/FAST101-retrieved.tsv	K FAST101 #39	2026-09-15T21:39:27Z	unconfirmed_no_verbatim	retrieval_summary	e09-4	../source-forms/k_101_shots_mgik_v4_verified.html	
t_9653ca06	Dune: Part Two	Дюна: Часть вторая	2024	film	K	0		not_watched	fast101_recovery	backup/cinema/recovery-2026-09-30/FAST101-retrieved.tsv	K FAST101 #40	2026-09-15T21:39:27Z	unconfirmed_no_verbatim	retrieval_summary	e09-4	../source-forms/k_101_shots_mgik_v4_verified.html	
t_bfbdfe00	Ex Machina	Из машины	2014	film	K	0		not_watched	fast101_recovery	backup/cinema/recovery-2026-09-30/FAST101-retrieved.tsv	K FAST101 #41	2026-09-15T21:39:27Z	unconfirmed_no_verbatim	retrieval_summary	e08-2	../source-forms/k_101_shots_mgik_v4_verified.html	
t_af401ef7	Arrival	Прибытие	2016	film	K	0		not_watched	fast101_recovery	backup/cinema/recovery-2026-09-30/FAST101-retrieved.tsv	K FAST101 #42	2026-09-15T21:39:27Z	unconfirmed_no_verbatim	retrieval_summary	e08-2	../source-forms/k_101_shots_mgik_v4_verified.html	
t_7c810b75	Silo	Укрытие	2023	series	K	5	3	watched	fast101_recovery	backup/cinema/recovery-2026-09-30/FAST101-retrieved.tsv	K FAST101 #43	2026-09-15T21:39:27Z	unconfirmed_no_verbatim	retrieval_summary	e02-3	../source-forms/k_101_shots_mgik_v4_verified.html	
t_7546d921	Severance	Разделение	2022	series	K	5	3	watched	fast101_recovery	backup/cinema/recovery-2026-09-30/FAST101-retrieved.tsv	K FAST101 #44	2026-09-15T21:39:27Z	unconfirmed_no_verbatim	retrieval_summary	e02-3	../source-forms/k_101_shots_mgik_v4_verified.html	
t_c4d0d1e5	Black Mirror	Чёрное зеркало	2011	series	K	4	1	watched	fast101_recovery	backup/cinema/recovery-2026-09-30/FAST101-retrieved.tsv	K FAST101 #45	2026-09-15T21:39:27Z	unconfirmed_no_verbatim	retrieval_summary	e02-3	../source-forms/k_101_shots_mgik_v4_verified.html	
t_47b80ce5	Dark	Тьма	2017	series	K	2	0	watched	fast101_recovery	backup/cinema/recovery-2026-09-30/FAST101-retrieved.tsv	K FAST101 #46	2026-09-15T21:39:27Z	unconfirmed_no_verbatim	retrieval_summary	e02-3	../source-forms/k_101_shots_mgik_v4_verified.html	
t_116b3787	Chernobyl	Чернобыль	2019	series	K	5	1	watched	fast101_recovery	backup/cinema/recovery-2026-09-30/FAST101-retrieved.tsv	K FAST101 #47	2026-09-15T21:39:27Z	unconfirmed_no_verbatim	retrieval_summary	e02-3	../source-forms/k_101_shots_mgik_v4_verified.html	
t_38d4fa20	The Last of Us	Одни из нас	2023	series	K	5	3	watched	fast101_recovery	backup/cinema/recovery-2026-09-30/FAST101-retrieved.tsv	K FAST101 #48	2026-09-15T21:39:27Z	unconfirmed_no_verbatim	retrieval_summary	e02-3	../source-forms/k_101_shots_mgik_v4_verified.html	
t_4da50664	Fallout	Fallout	2024	series	K	?		watched_forgot	fast101_recovery	backup/cinema/recovery-2026-09-30/FAST101-retrieved.tsv	K FAST101 #49	2026-09-15T21:39:27Z	unconfirmed_no_verbatim	retrieval_summary	e02-3	../source-forms/k_101_shots_mgik_v4_verified.html	
t_908fac31	Wednesday	Уэнсдэй	2022	series	K	4	1	watched	fast101_recovery	backup/cinema/recovery-2026-09-30/FAST101-retrieved.tsv	K FAST101 #50	2026-09-15T21:39:27Z	unconfirmed_no_verbatim	retrieval_summary	e02-3	../source-forms/k_101_shots_mgik_v4_verified.html	
t_534c2d55	Lockwood & Co.	Агентство «Локвуд и компания»	2023	series	K	3	0	watched	fast101_recovery	backup/cinema/recovery-2026-09-30/FAST101-retrieved.tsv	K FAST101 #51	2026-09-15T21:39:27Z	unconfirmed_no_verbatim	retrieval_summary	e02-3	../source-forms/k_101_shots_mgik_v4_verified.html	
t_a91c8eb5	Stranger Things	Очень странные дела	2016	series	K	5	3	watched	fast101_recovery	backup/cinema/recovery-2026-09-30/FAST101-retrieved.tsv	K FAST101 #52	2026-09-15T21:39:27Z	unconfirmed_no_verbatim	retrieval_summary	e02-3	../source-forms/k_101_shots_mgik_v4_verified.html	
t_73c899dc	The Mandalorian	Мандалорец	2019	series	K	4	1	watched	fast101_recovery	backup/cinema/recovery-2026-09-30/FAST101-retrieved.tsv	K FAST101 #53	2026-09-15T21:39:27Z	unconfirmed_no_verbatim	retrieval_summary	e02-3	../source-forms/k_101_shots_mgik_v4_verified.html	
t_27a0ec7f	Andor	Андор	2022	series	K	0		not_watched	fast101_recovery	backup/cinema/recovery-2026-09-30/FAST101-retrieved.tsv	K FAST101 #54	2026-09-15T21:39:27Z	unconfirmed_no_verbatim	retrieval_summary	e02-3	../source-forms/k_101_shots_mgik_v4_verified.html	
t_d42d9f0b	Loki	Локи	2021	series	K	?		watched_forgot	fast101_recovery	backup/cinema/recovery-2026-09-30/FAST101-retrieved.tsv	K FAST101 #55	2026-09-15T21:39:27Z	unconfirmed_no_verbatim	retrieval_summary	e02-3	../source-forms/k_101_shots_mgik_v4_verified.html	
t_9b2cb2eb	Foundation	Основание	2021	series	K	0		not_watched	fast101_recovery	backup/cinema/recovery-2026-09-30/FAST101-retrieved.tsv	K FAST101 #56	2026-09-15T21:39:27Z	unconfirmed_no_verbatim	retrieval_summary	e02-3	../source-forms/k_101_shots_mgik_v4_verified.html	
t_2732607a	Dark Matter	Тёмная материя	2024	series	K	0		not_watched	fast101_recovery	backup/cinema/recovery-2026-09-30/FAST101-retrieved.tsv	K FAST101 #57	2026-09-15T21:39:27Z	unconfirmed_no_verbatim	retrieval_summary	e02-3	../source-forms/k_101_shots_mgik_v4_verified.html	
t_9d8c1166	Arcane	Аркейн	2021	series	K	0		not_watched	fast101_recovery	backup/cinema/recovery-2026-09-30/FAST101-retrieved.tsv	K FAST101 #58	2026-09-15T21:39:27Z	unconfirmed_no_verbatim	retrieval_summary	e02-3	../source-forms/k_101_shots_mgik_v4_verified.html	
t_38ebd63d	Love, Death & Robots	Любовь. Смерть. Роботы	2019	series	K	0		not_watched	fast101_recovery	backup/cinema/recovery-2026-09-30/FAST101-retrieved.tsv	K FAST101 #59	2026-09-15T21:39:27Z	unconfirmed_no_verbatim	retrieval_summary	e02-3	../source-forms/k_101_shots_mgik_v4_verified.html	
t_b034f50e	Fleabag	Дрянь	2016	series	K	0		not_watched	fast101_recovery	backup/cinema/recovery-2026-09-30/FAST101-retrieved.tsv	K FAST101 #60	2026-09-15T21:39:27Z	unconfirmed_no_verbatim	retrieval_summary	e02-3	../source-forms/k_101_shots_mgik_v4_verified.html	
t_941af5d2	Better Call Saul	Лучше звоните Солу	2015	series	K	3	0	partial	fast101_recovery	backup/cinema/recovery-2026-09-30/FAST101-retrieved.tsv	K FAST101 #61	2026-09-15T21:39:27Z	unconfirmed_no_verbatim	retrieval_summary	e03-3	../source-forms/k_101_shots_mgik_v4_verified.html	
t_e5805207	Fargo	Фарго	2014	series	K	0		not_watched	fast101_recovery	backup/cinema/recovery-2026-09-30/FAST101-retrieved.tsv	K FAST101 #62	2026-09-15T21:39:27Z	unconfirmed_no_verbatim	retrieval_summary	e03-3	../source-forms/k_101_shots_mgik_v4_verified.html	
t_f88732ec	Slow Horses	Медленные лошади	2022	series	K	0		not_watched	fast101_recovery	backup/cinema/recovery-2026-09-30/FAST101-retrieved.tsv	K FAST101 #63	2026-09-15T21:39:27Z	unconfirmed_no_verbatim	retrieval_summary	e03-3	../source-forms/k_101_shots_mgik_v4_verified.html	
t_c3a86cdb	Mindhunter	Охотник за разумом	2017	series	K	0		not_watched	fast101_recovery	backup/cinema/recovery-2026-09-30/FAST101-retrieved.tsv	K FAST101 #64	2026-09-15T21:39:27Z	unconfirmed_no_verbatim	retrieval_summary	e03-3	../source-forms/k_101_shots_mgik_v4_verified.html	
t_b9658cd7	Mare of Easttown	Мейр из Исттауна	2021	series	K	0		not_watched	fast101_recovery	backup/cinema/recovery-2026-09-30/FAST101-retrieved.tsv	K FAST101 #65	2026-09-15T21:39:27Z	unconfirmed_no_verbatim	retrieval_summary	e03-3	../source-forms/k_101_shots_mgik_v4_verified.html	
t_e4227606	Presumed Innocent	Презумпция невиновности	2024	series	K	0		not_watched	fast101_recovery	backup/cinema/recovery-2026-09-30/FAST101-retrieved.tsv	K FAST101 #66	2026-09-15T21:39:27Z	unconfirmed_no_verbatim	retrieval_summary	e03-3	../source-forms/k_101_shots_mgik_v4_verified.html	
t_3a67018b	The Talented Mr. Ripley	Талантливый мистер Рипли	1999	film	K	0		not_watched	fast101_recovery	backup/cinema/recovery-2026-09-30/FAST101-retrieved.tsv	K FAST101 #67	2026-09-15T21:39:27Z	unconfirmed_no_verbatim	retrieval_summary	e03-3	../source-forms/k_101_shots_mgik_v4_verified.html	
t_4dd1ed6e	Ripley	Рипли	2024	series	K	0		not_watched	fast101_recovery	backup/cinema/recovery-2026-09-30/FAST101-retrieved.tsv	K FAST101 #68	2026-09-15T21:39:27Z	unconfirmed_no_verbatim	retrieval_summary	e03-3	../source-forms/k_101_shots_mgik_v4_verified.html	
t_126b7e6b	The Sopranos	Клан Сопрано	1999	series	K	4	1	watched	fast101_recovery	backup/cinema/recovery-2026-09-30/FAST101-retrieved.tsv	K FAST101 #69	2026-09-15T21:39:27Z	unconfirmed_no_verbatim	retrieval_summary	e03-3	../source-forms/k_101_shots_mgik_v4_verified.html	
t_cb907a27	The Big Lebowski	Большой Лебовски	1998	film	K	5	3	watched	fast101_recovery	backup/cinema/recovery-2026-09-30/FAST101-retrieved.tsv	K FAST101 #70	2026-09-15T21:39:27Z	unconfirmed_no_verbatim	retrieval_summary	e03-3	../source-forms/k_101_shots_mgik_v4_verified.html	
t_d92ee9d5	Barton Fink	Бартон Финк	1991	film	K	4	0	watched	fast101_recovery	backup/cinema/recovery-2026-09-30/FAST101-retrieved.tsv	K FAST101 #71	2026-09-15T21:39:27Z	unconfirmed_no_verbatim	retrieval_summary	e03-3	../source-forms/k_101_shots_mgik_v4_verified.html	
t_c4651520	L.A. Confidential	Секреты Лос-Анджелеса	1997	film	K	5	1	watched	fast101_recovery	backup/cinema/recovery-2026-09-30/FAST101-retrieved.tsv	K FAST101 #72	2026-09-15T21:39:27Z	unconfirmed_no_verbatim	retrieval_summary	e03-3	../source-forms/k_101_shots_mgik_v4_verified.html	
t_042ab5a7	Rain Man	Человек дождя	1988	film	K	4	0	watched	fast101_recovery	backup/cinema/recovery-2026-09-30/FAST101-retrieved.tsv	K FAST101 #73	2026-09-15T21:39:27Z	unconfirmed_no_verbatim	retrieval_summary	e03-3	../source-forms/k_101_shots_mgik_v4_verified.html	
t_887e70ed	Amélie	Амели	2001	film	K	5	1	watched	fast101_recovery	backup/cinema/recovery-2026-09-30/FAST101-retrieved.tsv	K FAST101 #74	2026-09-15T21:39:27Z	unconfirmed_no_verbatim	retrieval_summary	e03-3	../source-forms/k_101_shots_mgik_v4_verified.html	
t_0164d60d	Six-String Samurai	Шестиструнный самурай	1998	film	K	0		not_watched	fast101_recovery	backup/cinema/recovery-2026-09-30/FAST101-retrieved.tsv	K FAST101 #75	2026-09-15T21:39:27Z	unconfirmed_no_verbatim	retrieval_summary	e03-3	../source-forms/k_101_shots_mgik_v4_verified.html	
t_4dbe0983	Pirates of the Caribbean: The Curse of the Black Pearl	Пираты Карибского моря: Проклятие «Чёрной жемчужины»	2003	film	K	5	2	watched	fast101_recovery	backup/cinema/recovery-2026-09-30/FAST101-retrieved.tsv	K FAST101 #76	2026-09-15T21:39:27Z	unconfirmed_no_verbatim	retrieval_summary	e03-3	../source-forms/k_101_shots_mgik_v4_verified.html	
t_e33d1bd2	Волшебный участок		2023	series	K	4	1	watched	fast101_recovery	backup/cinema/recovery-2026-09-30/FAST101-retrieved.tsv	K FAST101 #77	2026-09-15T21:39:27Z	unconfirmed_no_verbatim	retrieval_summary	e03-3	../source-forms/k_101_shots_mgik_v4_verified.html	
t_38b5df27	Vampires of the Middle Zone	Вампиры средней полосы	2021	series	K	5	2	watched	fast101_recovery	backup/cinema/recovery-2026-09-30/FAST101-retrieved.tsv	K FAST101 #78	2026-09-15T21:39:27Z	unconfirmed_no_verbatim	retrieval_summary	e03-3	../source-forms/k_101_shots_mgik_v4_verified.html	
t_27d3b9f0	Пищеблок	Пищеблок	2021	series	K	?		watched_forgot	fast101_recovery	backup/cinema/recovery-2026-09-30/FAST101-retrieved.tsv	K FAST101 #79	2026-09-15T21:39:27Z	unconfirmed_no_verbatim	retrieval_summary	e08-2	../source-forms/k_101_shots_mgik_v4_verified.html	В e03-3 ответ был искажён как 0/?/w; e08-2 отдельно подтверждает Пищеблок: смотрела, оценку не помнит.
t_87b1362d	Перевал Дятлова		2020	series	K	4	0	watched	fast101_recovery	backup/cinema/recovery-2026-09-30/FAST101-retrieved.tsv	K FAST101 #80	2026-09-15T21:39:27Z	unconfirmed_no_verbatim	retrieval_summary	e03-3	../source-forms/k_101_shots_mgik_v4_verified.html	
t_d203f43a	Мастер и Маргарита		2024	film	K	5	3	watched	fast101_recovery	backup/cinema/recovery-2026-09-30/FAST101-retrieved.tsv	K FAST101 #81	2026-09-15T21:39:27Z	unconfirmed_no_verbatim	retrieval_summary	e04-3	../source-forms/k_101_shots_mgik_v4_verified.html	
t_b967c3d5	Бригада		2002	series	K	5	3	watched	fast101_recovery	backup/cinema/recovery-2026-09-30/FAST101-retrieved.tsv	K FAST101 #82	2026-09-15T21:39:27Z	unconfirmed_no_verbatim	retrieval_summary	e04-3	../source-forms/k_101_shots_mgik_v4_verified.html	
t_71d6c617	Живой		2006	film	K	0		not_watched	fast101_recovery	backup/cinema/recovery-2026-09-30/FAST101-retrieved.tsv	K FAST101 #83	2026-09-15T21:39:27Z	unconfirmed_no_verbatim	retrieval_summary	e04-3	../source-forms/k_101_shots_mgik_v4_verified.html	
t_a0f25903	Тайга. Курс выживания		2002	series	K	0		not_watched	fast101_recovery	backup/cinema/recovery-2026-09-30/FAST101-retrieved.tsv	K FAST101 #84	2026-09-15T21:39:27Z	unconfirmed_no_verbatim	retrieval_summary	e04-3	../source-forms/k_101_shots_mgik_v4_verified.html	
t_39826359	Переводчик		2013	series	K	?		watched_forgot	fast101_recovery	backup/cinema/recovery-2026-09-30/FAST101-retrieved.tsv	K FAST101 #85	2026-09-15T21:39:27Z	unconfirmed_no_verbatim	retrieval_summary	e04-3	../source-forms/k_101_shots_mgik_v4_verified.html	
t_4018ac13	22 минуты		2014	film	K	0		not_watched	fast101_recovery	backup/cinema/recovery-2026-09-30/FAST101-retrieved.tsv	K FAST101 #86	2026-09-15T21:39:27Z	unconfirmed_no_verbatim	retrieval_summary	e04-3	../source-forms/k_101_shots_mgik_v4_verified.html	
t_7355065b	Закон		2002	series	K	0		not_watched	fast101_recovery	backup/cinema/recovery-2026-09-30/FAST101-retrieved.tsv	K FAST101 #87	2026-09-15T21:39:27Z	unconfirmed_no_verbatim	retrieval_summary	e04-3	../source-forms/k_101_shots_mgik_v4_verified.html	
t_099a1fdb	Нелюбовь		2017	film	K	0		not_watched	fast101_recovery	backup/cinema/recovery-2026-09-30/FAST101-retrieved.tsv	K FAST101 #88	2026-09-15T21:39:27Z	unconfirmed_no_verbatim	retrieval_summary	e04-3	../source-forms/k_101_shots_mgik_v4_verified.html	
t_26fcd75f	Левиафан		2014	film	K	?		watched_forgot	fast101_recovery	backup/cinema/recovery-2026-09-30/FAST101-retrieved.tsv	K FAST101 #89	2026-09-15T21:39:27Z	unconfirmed_no_verbatim	retrieval_summary	e04-3	../source-forms/k_101_shots_mgik_v4_verified.html	
t_37c1996a	Аритмия		2017	film	K	0		not_watched	fast101_recovery	backup/cinema/recovery-2026-09-30/FAST101-retrieved.tsv	K FAST101 #90	2026-09-15T21:39:27Z	unconfirmed_no_verbatim	retrieval_summary	e04-3	../source-forms/k_101_shots_mgik_v4_verified.html	
t_bf205e98	Капитан Волконогов бежал		2021	film	K	0		not_watched	fast101_recovery	backup/cinema/recovery-2026-09-30/FAST101-retrieved.tsv	K FAST101 #91	2026-09-15T21:39:27Z	unconfirmed_no_verbatim	retrieval_summary	e04-3	../source-forms/k_101_shots_mgik_v4_verified.html	
t_de33f34b	Дылда		2019	film	K	4	2	watched	fast101_recovery	backup/cinema/recovery-2026-09-30/FAST101-retrieved.tsv	K FAST101 #92	2026-09-15T21:39:27Z	unconfirmed_no_verbatim	retrieval_summary	e04-3	../source-forms/k_101_shots_mgik_v4_verified.html	
t_f361fbe7	Петровы в гриппе		2021	film	K	0		not_watched	fast101_recovery	backup/cinema/recovery-2026-09-30/FAST101-retrieved.tsv	K FAST101 #93	2026-09-15T21:39:27Z	unconfirmed_no_verbatim	retrieval_summary	e04-3	../source-forms/k_101_shots_mgik_v4_verified.html	
t_848a0572	Нулевой пациент		2022	series	K	?		watched_forgot	fast101_recovery	backup/cinema/recovery-2026-09-30/FAST101-retrieved.tsv	K FAST101 #94	2026-09-15T21:39:27Z	unconfirmed_no_verbatim	retrieval_summary	e04-3	../source-forms/k_101_shots_mgik_v4_verified.html	
t_27482e62	Хрустальный		2021	series	K	0		not_watched	fast101_recovery	backup/cinema/recovery-2026-09-30/FAST101-retrieved.tsv	K FAST101 #95	2026-09-15T21:39:27Z	unconfirmed_no_verbatim	retrieval_summary	e04-3	../source-forms/k_101_shots_mgik_v4_verified.html	
t_a2f95b03	Фишер		2023	series	K	?		watched_forgot	fast101_recovery	backup/cinema/recovery-2026-09-30/FAST101-retrieved.tsv	K FAST101 #96	2026-09-15T21:39:27Z	unconfirmed_no_verbatim	retrieval_summary	e04-3	../source-forms/k_101_shots_mgik_v4_verified.html	
t_54b0de91	Топи		2021	series	K	4	0	watched	fast101_recovery	backup/cinema/recovery-2026-09-30/FAST101-retrieved.tsv	K FAST101 #97	2026-09-15T21:39:27Z	unconfirmed_no_verbatim	retrieval_summary	e04-3	../source-forms/k_101_shots_mgik_v4_verified.html	
t_00578c0c	Слово пацана. Кровь на асфальте		2023	series	K	0		not_watched	fast101_recovery	backup/cinema/recovery-2026-09-30/FAST101-retrieved.tsv	K FAST101 #98	2026-09-15T21:39:27Z	unconfirmed_no_verbatim	retrieval_summary	e04-3	../source-forms/k_101_shots_mgik_v4_verified.html	
t_b09b08cc	Чики		2020	series	K	0		not_watched	fast101_recovery	backup/cinema/recovery-2026-09-30/FAST101-retrieved.tsv	K FAST101 #99	2026-09-15T21:39:27Z	unconfirmed_no_verbatim	retrieval_summary	e04-3	../source-forms/k_101_shots_mgik_v4_verified.html	
t_d4e07968	Кибердеревня		2023	series	K	2	0	watched	fast101_recovery	backup/cinema/recovery-2026-09-30/FAST101-retrieved.tsv	K FAST101 #100	2026-09-15T21:39:27Z	unconfirmed_no_verbatim	retrieval_summary	e04-3	../source-forms/k_101_shots_mgik_v4_verified.html	
t_195cdde6	Сто лет тому вперёд	Сто лет тому вперёд	2024	film	K	2	0	watched	fast101_recovery	backup/cinema/recovery-2026-09-30/FAST101-retrieved.tsv	K FAST101 #101	2026-09-15T21:39:27Z	unconfirmed_no_verbatim	retrieval_summary	e04-3	../source-forms/k_101_shots_mgik_v4_verified.html	
t_7b7029f1	Lilo & Stitch	Лило и Стич		animation	M	5	3	watched	fast101_recovery	backup/cinema/recovery-2026-09-30/FAST101-retrieved.tsv	M FAST101 #1	2026-09-15T18:00:13Z	unconfirmed_no_verbatim	retrieval_summary	e09-1	../source-forms/model_m_fast101_quiz.html	
t_dd179824	Zootopia	Зверополис		animation	M	5	3	watched	fast101_recovery	backup/cinema/recovery-2026-09-30/FAST101-retrieved.tsv	M FAST101 #2	2026-09-15T18:00:13Z	unconfirmed_no_verbatim	retrieval_summary	e09-1	../source-forms/model_m_fast101_quiz.html	
t_37c77b71	Raya and the Last Dragon	Райя и последний дракон		animation	M	?		watched_forgot	fast101_recovery	backup/cinema/recovery-2026-09-30/FAST101-retrieved.tsv	M FAST101 #3	2026-09-15T18:00:13Z	unconfirmed_no_verbatim	retrieval_summary	e09-1	../source-forms/model_m_fast101_quiz.html	
t_717e424e	Bolt	Вольт		animation	M	5	3	watched	fast101_recovery	backup/cinema/recovery-2026-09-30/FAST101-retrieved.tsv	M FAST101 #4	2026-09-15T18:00:13Z	unconfirmed_no_verbatim	retrieval_summary	e09-1	../source-forms/model_m_fast101_quiz.html	
t_ce658a09	The Secret Life of Pets	Тайная жизнь домашних животных		animation	M	5	3	watched	fast101_recovery	backup/cinema/recovery-2026-09-30/FAST101-retrieved.tsv	M FAST101 #5	2026-09-15T18:00:13Z	unconfirmed_no_verbatim	retrieval_summary	e09-1	../source-forms/model_m_fast101_quiz.html	
t_bc2dba46	Sing	Зверопой		animation	M	?		watched_forgot	fast101_recovery	backup/cinema/recovery-2026-09-30/FAST101-retrieved.tsv	M FAST101 #6	2026-09-15T18:00:13Z	unconfirmed_no_verbatim	retrieval_summary	e09-1	../source-forms/model_m_fast101_quiz.html	
t_a0a035ea	Tangled	Рапунцель: Запутанная история		animation	M	4	3	watched	fast101_recovery	backup/cinema/recovery-2026-09-30/FAST101-retrieved.tsv	M FAST101 #7	2026-09-15T18:00:13Z	unconfirmed_no_verbatim	retrieval_summary	e09-1	../source-forms/model_m_fast101_quiz.html	
t_a5033c6d	Frozen	Холодное сердце		animation	M	3	2	watched	fast101_recovery	backup/cinema/recovery-2026-09-30/FAST101-retrieved.tsv	M FAST101 #8	2026-09-15T18:00:13Z	unconfirmed_no_verbatim	retrieval_summary	e09-1	../source-forms/model_m_fast101_quiz.html	
t_557178c7	Brave	Храбрая сердцем		animation	M	2	1	watched	fast101_recovery	backup/cinema/recovery-2026-09-30/FAST101-retrieved.tsv	M FAST101 #9	2026-09-15T18:00:13Z	unconfirmed_no_verbatim	retrieval_summary	e09-1	../source-forms/model_m_fast101_quiz.html	
t_673f41cf	The Princess and the Frog	Принцесса и лягушка		animation	M	?		watched_forgot	fast101_recovery	backup/cinema/recovery-2026-09-30/FAST101-retrieved.tsv	M FAST101 #10	2026-09-15T18:00:13Z	unconfirmed_no_verbatim	retrieval_summary	e09-1	../source-forms/model_m_fast101_quiz.html	
t_226f0866	WALL·E	ВАЛЛ·И		animation	M	4	2	watched	fast101_recovery	backup/cinema/recovery-2026-09-30/FAST101-retrieved.tsv	M FAST101 #11	2026-09-15T18:00:13Z	unconfirmed_no_verbatim	retrieval_summary	e09-1	../source-forms/model_m_fast101_quiz.html	
t_ff41c96f	Inside Out	Головоломка		animation	M	5	3	watched	fast101_recovery	backup/cinema/recovery-2026-09-30/FAST101-retrieved.tsv	M FAST101 #12	2026-09-15T18:00:13Z	unconfirmed_no_verbatim	retrieval_summary	e09-1	../source-forms/model_m_fast101_quiz.html	
t_40263805	Inside Out 2	Головоломка 2		animation	M	5	3	watched	fast101_recovery	backup/cinema/recovery-2026-09-30/FAST101-retrieved.tsv	M FAST101 #13	2026-09-15T18:00:13Z	unconfirmed_no_verbatim	retrieval_summary	e09-1	../source-forms/model_m_fast101_quiz.html	
t_8d7b4182	Elemental	Элементарно		animation	M	4	2	watched	fast101_recovery	backup/cinema/recovery-2026-09-30/FAST101-retrieved.tsv	M FAST101 #14	2026-09-15T18:00:13Z	unconfirmed_no_verbatim	retrieval_summary	e09-1	../source-forms/model_m_fast101_quiz.html	
t_fa138646	Soul	Душа		animation	M	3	1	watched	fast101_recovery	backup/cinema/recovery-2026-09-30/FAST101-retrieved.tsv	M FAST101 #15	2026-09-15T18:00:13Z	unconfirmed_no_verbatim	retrieval_summary	e09-1	../source-forms/model_m_fast101_quiz.html	
t_177e68d2	Onward	Вперёд		animation	M	0		not_watched	fast101_recovery	backup/cinema/recovery-2026-09-30/FAST101-retrieved.tsv	M FAST101 #16	2026-09-15T18:00:13Z	unconfirmed_no_verbatim	retrieval_summary	e09-1	../source-forms/model_m_fast101_quiz.html	
t_6cb15a1a	The Croods	Семейка Крудс		animation	M	5	3	watched	fast101_recovery	backup/cinema/recovery-2026-09-30/FAST101-retrieved.tsv	M FAST101 #17	2026-09-15T18:00:13Z	unconfirmed_no_verbatim	retrieval_summary	e09-1	../source-forms/model_m_fast101_quiz.html	
t_7c4e6e8e	Rise of the Guardians	Хранители снов		animation	M	0		not_watched	fast101_recovery	backup/cinema/recovery-2026-09-30/FAST101-retrieved.tsv	M FAST101 #18	2026-09-15T18:00:13Z	unconfirmed_no_verbatim	retrieval_summary	e09-1	../source-forms/model_m_fast101_quiz.html	
t_1488462c	The Sea Beast	Морской монстр		animation	M	0		not_watched	fast101_recovery	backup/cinema/recovery-2026-09-30/FAST101-retrieved.tsv	M FAST101 #19	2026-09-15T18:00:13Z	unconfirmed_no_verbatim	retrieval_summary	e09-1	../source-forms/model_m_fast101_quiz.html	
t_49fdaf7b	Wish Dragon	Дракон желаний		animation	M	0		not_watched	fast101_recovery	backup/cinema/recovery-2026-09-30/FAST101-retrieved.tsv	M FAST101 #20	2026-09-15T18:00:13Z	unconfirmed_no_verbatim	retrieval_summary	e09-1	../source-forms/model_m_fast101_quiz.html	
t_ad3fc84f	Abominable	Эверест		animation	M	0		not_watched	fast101_recovery	backup/cinema/recovery-2026-09-30/FAST101-retrieved.tsv	M FAST101 #21	2026-09-15T18:00:13Z	unconfirmed_no_verbatim	retrieval_summary	e09-2	../source-forms/model_m_fast101_quiz.html	
t_8af28611	Vivo	Виво		animation	M	0		not_watched	fast101_recovery	backup/cinema/recovery-2026-09-30/FAST101-retrieved.tsv	M FAST101 #22	2026-09-15T18:00:13Z	unconfirmed_no_verbatim	retrieval_summary	e09-2	../source-forms/model_m_fast101_quiz.html	
t_0af62a3f	The Bad Guys	Плохие парни		animation	M	5	2	partial	fast101_recovery	backup/cinema/recovery-2026-09-30/FAST101-retrieved.tsv	M FAST101 #23	2026-09-15T18:00:13Z	unconfirmed_no_verbatim	retrieval_summary	e09-2;e07-4	../source-forms/model_m_fast101_quiz.html	
t_ba50c30d	The Super Mario Bros. Movie	Братья Супер Марио в кино		animation	M	4	2	watched	fast101_recovery	backup/cinema/recovery-2026-09-30/FAST101-retrieved.tsv	M FAST101 #24	2026-09-15T18:00:13Z	unconfirmed_no_verbatim	retrieval_summary	e09-2	../source-forms/model_m_fast101_quiz.html	
t_1a3daaf5	Migration	Миграция		animation	M	5	3	watched	fast101_recovery	backup/cinema/recovery-2026-09-30/FAST101-retrieved.tsv	M FAST101 #25	2026-09-15T18:00:13Z	unconfirmed_no_verbatim	retrieval_summary	e09-2	../source-forms/model_m_fast101_quiz.html	
t_a234d735	Kung Fu Panda	Кунг-фу Панда		animation	M	5	3	watched	fast101_recovery	backup/cinema/recovery-2026-09-30/FAST101-retrieved.tsv	M FAST101 #26	2026-09-15T18:00:13Z	unconfirmed_no_verbatim	retrieval_summary	e09-2	../source-forms/model_m_fast101_quiz.html	
t_623adafb	The Lego Movie	Лего. Фильм		animation	M	0		not_watched	fast101_recovery	backup/cinema/recovery-2026-09-30/FAST101-retrieved.tsv	M FAST101 #27	2026-09-15T18:00:13Z	unconfirmed_no_verbatim	retrieval_summary	e09-2	../source-forms/model_m_fast101_quiz.html	
t_8116c782	The Lego Batman Movie	Лего Фильм: Бэтмен		animation	M	0		not_watched	fast101_recovery	backup/cinema/recovery-2026-09-30/FAST101-retrieved.tsv	M FAST101 #28	2026-09-15T18:00:13Z	unconfirmed_no_verbatim	retrieval_summary	e09-2	../source-forms/model_m_fast101_quiz.html	
t_a7078839	Spider-Man: Into the Spider-Verse	Человек-паук: Через вселенные		animation	M	4	3	watched	fast101_recovery	backup/cinema/recovery-2026-09-30/FAST101-retrieved.tsv	M FAST101 #29	2026-09-15T18:00:13Z	unconfirmed_no_verbatim	retrieval_summary	e09-2	../source-forms/model_m_fast101_quiz.html	
t_c63e2b5c	The Wild Robot	Дикий робот		animation	M	4	2	watched	fast101_recovery	backup/cinema/recovery-2026-09-30/FAST101-retrieved.tsv	M FAST101 #30	2026-09-15T18:00:13Z	unconfirmed_no_verbatim	retrieval_summary	e09-2	../source-forms/model_m_fast101_quiz.html	
t_a0a8359c	Harry Potter and the Sorcerer's Stone	Гарри Поттер и философский камень		film	M	5	3	watched	fast101_recovery	backup/cinema/recovery-2026-09-30/FAST101-retrieved.tsv	M FAST101 #31	2026-09-15T18:00:13Z	unconfirmed_no_verbatim	retrieval_summary	e09-2	../source-forms/model_m_fast101_quiz.html	
t_0166e23e	Harry Potter and the Prisoner of Azkaban	Гарри Поттер и узник Азкабана		film	M	4	2	watched	fast101_recovery	backup/cinema/recovery-2026-09-30/FAST101-retrieved.tsv	M FAST101 #32	2026-09-15T18:00:13Z	unconfirmed_no_verbatim	retrieval_summary	e09-2	../source-forms/model_m_fast101_quiz.html	
t_7989ce23	The Chronicles of Narnia: The Lion, the Witch and the Wardrobe	Хроники Нарнии: Лев, колдунья и волшебный шкаф		film	M	?		watched_forgot	fast101_recovery	backup/cinema/recovery-2026-09-30/FAST101-retrieved.tsv	M FAST101 #33	2026-09-15T18:00:13Z	unconfirmed_no_verbatim	retrieval_summary	e09-2;e07-4	../source-forms/model_m_fast101_quiz.html	
t_fb2b19ef	Stardust	Звёздная пыль		film	M	0		not_watched	fast101_recovery	backup/cinema/recovery-2026-09-30/FAST101-retrieved.tsv	M FAST101 #34	2026-09-15T18:00:13Z	unconfirmed_no_verbatim	retrieval_summary	e09-2	../source-forms/model_m_fast101_quiz.html	
t_00a5205f	The School for Good and Evil	Школа добра и зла		film	M	0		not_watched	fast101_recovery	backup/cinema/recovery-2026-09-30/FAST101-retrieved.tsv	M FAST101 #35	2026-09-15T18:00:13Z	unconfirmed_no_verbatim	retrieval_summary	e09-2	../source-forms/model_m_fast101_quiz.html	
t_2a62f9a4	Slumberland	Страна снов		film	M	0		not_watched	fast101_recovery	backup/cinema/recovery-2026-09-30/FAST101-retrieved.tsv	M FAST101 #36	2026-09-15T18:00:13Z	unconfirmed_no_verbatim	retrieval_summary	e09-2	../source-forms/model_m_fast101_quiz.html	
t_040c8a90	A Wrinkle in Time	Излом времени		film	M	0		not_watched	fast101_recovery	backup/cinema/recovery-2026-09-30/FAST101-retrieved.tsv	M FAST101 #37	2026-09-15T18:00:13Z	unconfirmed_no_verbatim	retrieval_summary	e09-2	../source-forms/model_m_fast101_quiz.html	
t_49f7b5ff	The Kid Who Would Be King	Рождённый стать королём		film	M	0		not_watched	fast101_recovery	backup/cinema/recovery-2026-09-30/FAST101-retrieved.tsv	M FAST101 #38	2026-09-15T18:00:13Z	unconfirmed_no_verbatim	retrieval_summary	e09-2	../source-forms/model_m_fast101_quiz.html	
t_ba8db779	The House with a Clock in Its Walls	Тайна дома с часами		film	M	0		not_watched	fast101_recovery	backup/cinema/recovery-2026-09-30/FAST101-retrieved.tsv	M FAST101 #39	2026-09-15T18:00:13Z	unconfirmed_no_verbatim	retrieval_summary	e09-2	../source-forms/model_m_fast101_quiz.html	
t_a702059b	Nightbooks	Ночные тетради		film	M	0		not_watched	fast101_recovery	backup/cinema/recovery-2026-09-30/FAST101-retrieved.tsv	M FAST101 #40	2026-09-15T18:00:13Z	unconfirmed_no_verbatim	retrieval_summary	e09-2	../source-forms/model_m_fast101_quiz.html	
t_bb5ffb93	Goosebumps	Ужастики		film	M	0		not_watched	fast101_recovery	backup/cinema/recovery-2026-09-30/FAST101-retrieved.tsv	M FAST101 #41	2026-09-15T18:00:13Z	unconfirmed_no_verbatim	retrieval_summary	e01-4	../source-forms/model_m_fast101_quiz.html	
t_a81f4631	The Spiderwick Chronicles	Спайдервик: Хроники		film	M	0		not_watched	fast101_recovery	backup/cinema/recovery-2026-09-30/FAST101-retrieved.tsv	M FAST101 #42	2026-09-15T18:00:13Z	unconfirmed_no_verbatim	retrieval_summary	e01-4	../source-forms/model_m_fast101_quiz.html	
t_cd6eb6d1	Miss Peregrine's Home for Peculiar Children	Дом странных детей Мисс Перегрин		film	M	0		not_watched	fast101_recovery	backup/cinema/recovery-2026-09-30/FAST101-retrieved.tsv	M FAST101 #43	2026-09-15T18:00:13Z	unconfirmed_no_verbatim	retrieval_summary	e01-4	../source-forms/model_m_fast101_quiz.html	
t_ffd96873	Cruella	Круэлла		film	M	0		not_watched	fast101_recovery	backup/cinema/recovery-2026-09-30/FAST101-retrieved.tsv	M FAST101 #44	2026-09-15T18:00:13Z	unconfirmed_no_verbatim	retrieval_summary	e01-4	../source-forms/model_m_fast101_quiz.html	
t_540d732d	Maleficent	Малефисента		film	M	5	3	watched	fast101_recovery	backup/cinema/recovery-2026-09-30/FAST101-retrieved.tsv	M FAST101 #45	2026-09-15T18:00:13Z	unconfirmed_no_verbatim	retrieval_summary	e01-4	../source-forms/model_m_fast101_quiz.html	
t_b0400128	Beauty and the Beast	Красавица и чудовище		film	M	5	3	watched	fast101_recovery	backup/cinema/recovery-2026-09-30/FAST101-retrieved.tsv	M FAST101 #46	2026-09-15T18:00:13Z	unconfirmed_no_verbatim	retrieval_summary	e01-4	../source-forms/model_m_fast101_quiz.html	
t_51b03b84	Aladdin	Аладдин		film	M	5	3	watched	fast101_recovery	backup/cinema/recovery-2026-09-30/FAST101-retrieved.tsv	M FAST101 #47	2026-09-15T18:00:13Z	unconfirmed_no_verbatim	retrieval_summary	e01-4	../source-forms/model_m_fast101_quiz.html	
t_6546e229	Peter Rabbit	Кролик Питер		film	M	4	3	watched	fast101_recovery	backup/cinema/recovery-2026-09-30/FAST101-retrieved.tsv	M FAST101 #48	2026-09-15T18:00:13Z	unconfirmed_no_verbatim	retrieval_summary	e01-4	../source-forms/model_m_fast101_quiz.html	
t_1d3f8953	A Dog's Purpose	Собачья жизнь		film	M	5	3	watched	fast101_recovery	backup/cinema/recovery-2026-09-30/FAST101-retrieved.tsv	M FAST101 #49	2026-09-15T18:00:13Z	unconfirmed_no_verbatim	retrieval_summary	e01-4	../source-forms/model_m_fast101_quiz.html	
t_8b100c7a	Togo	Того		film	M	0		not_watched	fast101_recovery	backup/cinema/recovery-2026-09-30/FAST101-retrieved.tsv	M FAST101 #50	2026-09-15T18:00:13Z	unconfirmed_no_verbatim	retrieval_summary	e01-4	../source-forms/model_m_fast101_quiz.html	
t_c8d6c314	Hachi: A Dog's Tale	Хатико: Самый верный друг		film	M	5	3	watched	fast101_recovery	backup/cinema/recovery-2026-09-30/FAST101-retrieved.tsv	M FAST101 #51	2026-09-15T18:00:13Z	unconfirmed_no_verbatim	retrieval_summary	e01-4	../source-forms/model_m_fast101_quiz.html	
t_14afb710	Belle and Sebastian	Белль и Себастьян		film	M	?		watched_forgot	fast101_recovery	backup/cinema/recovery-2026-09-30/FAST101-retrieved.tsv	M FAST101 #52	2026-09-15T18:00:13Z	unconfirmed_no_verbatim	retrieval_summary	e01-4	../source-forms/model_m_fast101_quiz.html	
t_4bd5c5df	Mia and the White Lion	Миа и белый лев		film	M	0		not_watched	fast101_recovery	backup/cinema/recovery-2026-09-30/FAST101-retrieved.tsv	M FAST101 #53	2026-09-15T18:00:13Z	unconfirmed_no_verbatim	retrieval_summary	e01-4	../source-forms/model_m_fast101_quiz.html	
t_dde80a59	Paddington	Приключения Паддингтона		film	M	5	3	partial	fast101_recovery	backup/cinema/recovery-2026-09-30/FAST101-retrieved.tsv	M FAST101 #54	2026-09-15T18:00:13Z	unconfirmed_no_verbatim	retrieval_summary	e01-4;e07-4	../source-forms/model_m_fast101_quiz.html	
t_3d509bae	Christopher Robin	Кристофер Робин		film	M	4	3	watched	fast101_recovery	backup/cinema/recovery-2026-09-30/FAST101-retrieved.tsv	M FAST101 #55	2026-09-15T18:00:13Z	unconfirmed_no_verbatim	retrieval_summary	e01-4	../source-forms/model_m_fast101_quiz.html	
t_97604586	Mary Poppins Returns	Мэри Поппинс возвращается		film	M	5	3	watched	fast101_recovery	backup/cinema/recovery-2026-09-30/FAST101-retrieved.tsv	M FAST101 #56	2026-09-15T18:00:13Z	unconfirmed_no_verbatim	retrieval_summary	e01-4	../source-forms/model_m_fast101_quiz.html	
t_b987908a	Matilda the Musical	Матильда		film	M	0		not_watched	fast101_recovery	backup/cinema/recovery-2026-09-30/FAST101-retrieved.tsv	M FAST101 #57	2026-09-15T18:00:13Z	unconfirmed_no_verbatim	retrieval_summary	e01-4	../source-forms/model_m_fast101_quiz.html	
t_29b23488	The Greatest Showman	Величайший шоумен		film	M	0		not_watched	fast101_recovery	backup/cinema/recovery-2026-09-30/FAST101-retrieved.tsv	M FAST101 #58	2026-09-15T18:00:13Z	unconfirmed_no_verbatim	retrieval_summary	e01-4	../source-forms/model_m_fast101_quiz.html	
t_0948cee9	Anne with an E	Энн		series	M	0		not_watched	fast101_recovery	backup/cinema/recovery-2026-09-30/FAST101-retrieved.tsv	M FAST101 #59	2026-09-15T18:00:13Z	unconfirmed_no_verbatim	retrieval_summary	e01-4	../source-forms/model_m_fast101_quiz.html	
t_c0fd0b64	A Good Girl’s Guide to Murder	Руководство по убийству для хорошей девочки		series	M	0		not_watched	fast101_recovery	backup/cinema/recovery-2026-09-30/FAST101-retrieved.tsv	M FAST101 #60	2026-09-15T18:00:13Z	unconfirmed_no_verbatim	retrieval_summary	e01-4	../source-forms/model_m_fast101_quiz.html	
t_c4f54ade	The Bureau of Magical Things	Бюро магических дел		series	M	0		not_watched	fast101_recovery	backup/cinema/recovery-2026-09-30/FAST101-retrieved.tsv	M FAST101 #61	2026-09-15T18:00:13Z	unconfirmed_no_verbatim	retrieval_summary	e02-4	../source-forms/model_m_fast101_quiz.html	
t_0255dd89	Just Add Magic	Просто добавь магии		series	M	?		watched_forgot	fast101_recovery	backup/cinema/recovery-2026-09-30/FAST101-retrieved.tsv	M FAST101 #62	2026-09-15T18:00:13Z	unconfirmed_no_verbatim	retrieval_summary	e02-4	../source-forms/model_m_fast101_quiz.html	
t_1373d664	The Worst Witch	Самая плохая ведьма		series	M	?		watched_forgot	fast101_recovery	backup/cinema/recovery-2026-09-30/FAST101-retrieved.tsv	M FAST101 #63	2026-09-15T18:00:13Z	unconfirmed_no_verbatim	retrieval_summary	e02-4	../source-forms/model_m_fast101_quiz.html	
t_b37c65ea	Julie and the Phantoms	Джули и призраки		series	M	0		not_watched	fast101_recovery	backup/cinema/recovery-2026-09-30/FAST101-retrieved.tsv	M FAST101 #64	2026-09-15T18:00:13Z	unconfirmed_no_verbatim	retrieval_summary	e02-4	../source-forms/model_m_fast101_quiz.html	
t_915b72dc	The Baby-Sitters Club	Клуб нянь		series	M	0		not_watched	fast101_recovery	backup/cinema/recovery-2026-09-30/FAST101-retrieved.tsv	M FAST101 #65	2026-09-15T18:00:13Z	unconfirmed_no_verbatim	retrieval_summary	e02-4	../source-forms/model_m_fast101_quiz.html	
t_91f4a7d2	Heartstopper	Трепет сердца		series	M	0		not_watched	fast101_recovery	backup/cinema/recovery-2026-09-30/FAST101-retrieved.tsv	M FAST101 #66	2026-09-15T18:00:13Z	unconfirmed_no_verbatim	retrieval_summary	e02-4	../source-forms/model_m_fast101_quiz.html	
t_3b5f04fb	Geek Girl	Девушка-гик		series	M	0		not_watched	fast101_recovery	backup/cinema/recovery-2026-09-30/FAST101-retrieved.tsv	M FAST101 #67	2026-09-15T18:00:13Z	unconfirmed_no_verbatim	retrieval_summary	e02-4	../source-forms/model_m_fast101_quiz.html	
t_b389b920	My Life with the Walter Boys	Моя жизнь с мальчиками Уолтер		series	M	0		not_watched	fast101_recovery	backup/cinema/recovery-2026-09-30/FAST101-retrieved.tsv	M FAST101 #68	2026-09-15T18:00:13Z	unconfirmed_no_verbatim	retrieval_summary	e02-4	../source-forms/model_m_fast101_quiz.html	
t_397161db	Avatar: The Last Airbender	Аватар: Легенда об Аанге		animation series	M	4	3	watched	fast101_recovery	backup/cinema/recovery-2026-09-30/FAST101-retrieved.tsv	M FAST101 #69	2026-09-15T18:00:13Z	unconfirmed_no_verbatim	retrieval_summary	e02-4	../source-forms/model_m_fast101_quiz.html	
t_6b42bc04	The Dragon Prince	Принц-дракон		animation series	M	0		not_watched	fast101_recovery	backup/cinema/recovery-2026-09-30/FAST101-retrieved.tsv	M FAST101 #70	2026-09-15T18:00:13Z	unconfirmed_no_verbatim	retrieval_summary	e02-4	../source-forms/model_m_fast101_quiz.html	
t_ba46922a	Amphibia	Амфибия		animation series	M	0		not_watched	fast101_recovery	backup/cinema/recovery-2026-09-30/FAST101-retrieved.tsv	M FAST101 #71	2026-09-15T18:00:13Z	unconfirmed_no_verbatim	retrieval_summary	e02-4	../source-forms/model_m_fast101_quiz.html	
t_5298de06	The Owl House	Дом совы		series	M	0		not_watched	fast101_recovery	backup/cinema/recovery-2026-09-30/FAST101-retrieved.tsv	M FAST101 #72	2026-09-15T18:00:13Z	unconfirmed_no_verbatim	retrieval_summary	e02-4	../source-forms/model_m_fast101_quiz.html	
t_8c1fbfcb	DuckTales	Утиные истории		animation series	M	4	3	watched	fast101_recovery	backup/cinema/recovery-2026-09-30/FAST101-retrieved.tsv	M FAST101 #73	2026-09-15T18:00:13Z	unconfirmed_no_verbatim	retrieval_summary	e02-4	../source-forms/model_m_fast101_quiz.html	
t_1bbe37c5	Over the Garden Wall	По ту сторону изгороди		animation series	M	0		not_watched	fast101_recovery	backup/cinema/recovery-2026-09-30/FAST101-retrieved.tsv	M FAST101 #74	2026-09-15T18:00:13Z	unconfirmed_no_verbatim	retrieval_summary	e02-4	../source-forms/model_m_fast101_quiz.html	
t_6bc80881	Carmen Sandiego	Кармен Сандиего		animation series	M	0		not_watched	fast101_recovery	backup/cinema/recovery-2026-09-30/FAST101-retrieved.tsv	M FAST101 #75	2026-09-15T18:00:13Z	unconfirmed_no_verbatim	retrieval_summary	e02-4	../source-forms/model_m_fast101_quiz.html	
t_0dc6e65d	Чебурашка 2			film	M			unanswered	fast101_recovery	backup/cinema/recovery-2026-09-30/FAST101-retrieved.tsv	M FAST101 #76	2026-09-15T18:00:13Z	unconfirmed_no_verbatim	retrieval_summary	e02-4;e07-4	../source-forms/model_m_fast101_quiz.html	Прямо указано «без ответа»; не заменено на 0, ? или потерянную запись.
t_9ca172b9	Летучий корабль			film	M	3	2	watched	fast101_recovery	backup/cinema/recovery-2026-09-30/FAST101-retrieved.tsv	M FAST101 #77	2026-09-15T18:00:13Z	unconfirmed_no_verbatim	retrieval_summary	e02-4	../source-forms/model_m_fast101_quiz.html	
t_be18aefd	Конёк-Горбунок			film	M	3	1	watched	fast101_recovery	backup/cinema/recovery-2026-09-30/FAST101-retrieved.tsv	M FAST101 #78	2026-09-15T18:00:13Z	unconfirmed_no_verbatim	retrieval_summary	e02-4	../source-forms/model_m_fast101_quiz.html	
t_7a9f4648	Серебряные коньки			film	M	?		watched_forgot	fast101_recovery	backup/cinema/recovery-2026-09-30/FAST101-retrieved.tsv	M FAST101 #79	2026-09-15T18:00:13Z	unconfirmed_no_verbatim	retrieval_summary	e02-4	../source-forms/model_m_fast101_quiz.html	
t_179ecfa7	Гром: Трудное детство			film	M	0		not_watched	fast101_recovery	backup/cinema/recovery-2026-09-30/FAST101-retrieved.tsv	M FAST101 #80	2026-09-15T18:00:13Z	unconfirmed_no_verbatim	retrieval_summary	e02-4	../source-forms/model_m_fast101_quiz.html	
t_d3a4da39	Майор Гром: Игра			film	M	0		not_watched	fast101_recovery	backup/cinema/recovery-2026-09-30/FAST101-retrieved.tsv	M FAST101 #81	2026-09-15T18:00:13Z	unconfirmed_no_verbatim	retrieval_summary	e04-4	../source-forms/model_m_fast101_quiz.html	
t_7d9e6682	Девочка Нина и похитители пианино			film	M	0		not_watched	fast101_recovery	backup/cinema/recovery-2026-09-30/FAST101-retrieved.tsv	M FAST101 #82	2026-09-15T18:00:13Z	unconfirmed_no_verbatim	retrieval_summary	e04-4	../source-forms/model_m_fast101_quiz.html	
t_de9d98d0	Чук и Гек. Большое приключение			film	M	4	3	watched	fast101_recovery	backup/cinema/recovery-2026-09-30/FAST101-retrieved.tsv	M FAST101 #83	2026-09-15T18:00:13Z	unconfirmed_no_verbatim	retrieval_summary	e04-4	../source-forms/model_m_fast101_quiz.html	
t_38f3313b	Приключения Петрова и Васечкина			film	M	0		not_watched	fast101_recovery	backup/cinema/recovery-2026-09-30/FAST101-retrieved.tsv	M FAST101 #84	2026-09-15T18:00:13Z	unconfirmed_no_verbatim	retrieval_summary	e04-4	../source-forms/model_m_fast101_quiz.html	
t_5375a745	Каникулы Петрова и Васечкина			film	M	0		not_watched	fast101_recovery	backup/cinema/recovery-2026-09-30/FAST101-retrieved.tsv	M FAST101 #85	2026-09-15T18:00:13Z	unconfirmed_no_verbatim	retrieval_summary	e04-4	../source-forms/model_m_fast101_quiz.html	
t_13297cf9	Гостья из будущего			series	M	4	2	partial	fast101_recovery	backup/cinema/recovery-2026-09-30/FAST101-retrieved.tsv	M FAST101 #86	2026-09-15T18:00:13Z	unconfirmed_no_verbatim	retrieval_summary	e04-4;e07-4	../source-forms/model_m_fast101_quiz.html	
t_ce6edbf1	Приключения Электроника			series	M	4	3	watched	fast101_recovery	backup/cinema/recovery-2026-09-30/FAST101-retrieved.tsv	M FAST101 #87	2026-09-15T18:00:13Z	unconfirmed_no_verbatim	retrieval_summary	e04-4	../source-forms/model_m_fast101_quiz.html	
t_33726f57	Чародеи			film	M	0		not_watched	fast101_recovery	backup/cinema/recovery-2026-09-30/FAST101-retrieved.tsv	M FAST101 #88	2026-09-15T18:00:13Z	unconfirmed_no_verbatim	retrieval_summary	e04-4	../source-forms/model_m_fast101_quiz.html	
t_2168d91f	Тайна третьей планеты			animation	M	4	3	watched	fast101_recovery	backup/cinema/recovery-2026-09-30/FAST101-retrieved.tsv	M FAST101 #89	2026-09-15T18:00:13Z	unconfirmed_no_verbatim	retrieval_summary	e04-4	../source-forms/model_m_fast101_quiz.html	
t_796e8618	Смешарики. Начало			animation	M	5	3	watched	fast101_recovery	backup/cinema/recovery-2026-09-30/FAST101-retrieved.tsv	M FAST101 #90	2026-09-15T18:00:13Z	unconfirmed_no_verbatim	retrieval_summary	e04-4	../source-forms/model_m_fast101_quiz.html	
t_530176ae	Смешарики. Легенда о золотом драконе			animation	M	5	3	watched	fast101_recovery	backup/cinema/recovery-2026-09-30/FAST101-retrieved.tsv	M FAST101 #91	2026-09-15T18:00:13Z	unconfirmed_no_verbatim	retrieval_summary	e04-4	../source-forms/model_m_fast101_quiz.html	
t_4b0b5fdf	Три богатыря и Шамаханская царица			animation	M	4	2	watched	fast101_recovery	backup/cinema/recovery-2026-09-30/FAST101-retrieved.tsv	M FAST101 #92	2026-09-15T18:00:13Z	unconfirmed_no_verbatim	retrieval_summary	e04-4	../source-forms/model_m_fast101_quiz.html	
t_6904f236	Иван Царевич и Серый Волк			animation	M	4	2	watched	fast101_recovery	backup/cinema/recovery-2026-09-30/FAST101-retrieved.tsv	M FAST101 #93	2026-09-15T18:00:13Z	unconfirmed_no_verbatim	retrieval_summary	e04-4	../source-forms/model_m_fast101_quiz.html	
t_b8fb1daa	Снежная королева			animation	M	4	2	watched	fast101_recovery	backup/cinema/recovery-2026-09-30/FAST101-retrieved.tsv	M FAST101 #94	2026-09-15T18:00:13Z	unconfirmed_no_verbatim	retrieval_summary	e04-4	../source-forms/model_m_fast101_quiz.html	
t_804e8118	Free Guy	Главный герой		film	M	0		not_watched	fast101_recovery	backup/cinema/recovery-2026-09-30/FAST101-retrieved.tsv	M FAST101 #95	2026-09-15T18:00:13Z	unconfirmed_no_verbatim	retrieval_summary	e04-4	../source-forms/model_m_fast101_quiz.html	
t_dd716147	Ready Player One	Первому игроку приготовиться		film	M	0		not_watched	fast101_recovery	backup/cinema/recovery-2026-09-30/FAST101-retrieved.tsv	M FAST101 #96	2026-09-15T18:00:13Z	unconfirmed_no_verbatim	retrieval_summary	e04-4	../source-forms/model_m_fast101_quiz.html	
t_b8ea1b94	Pokémon: Mewtwo Strikes Back — Evolution	Покемон: Мьюту наносит ответный удар — Эволюция		animation	M	0		not_watched	fast101_recovery	backup/cinema/recovery-2026-09-30/FAST101-retrieved.tsv	M FAST101 #97	2026-09-15T18:00:13Z	unconfirmed_no_verbatim	retrieval_summary	e04-4	../source-forms/model_m_fast101_quiz.html	
t_94a44f2d	Shazam!	Шазам!		film	M	0		not_watched	fast101_recovery	backup/cinema/recovery-2026-09-30/FAST101-retrieved.tsv	M FAST101 #98	2026-09-15T18:00:13Z	unconfirmed_no_verbatim	retrieval_summary	e04-4	../source-forms/model_m_fast101_quiz.html	
t_ef6fd338	Blue Beetle	Синий Жук		film	M	0		not_watched	fast101_recovery	backup/cinema/recovery-2026-09-30/FAST101-retrieved.tsv	M FAST101 #99	2026-09-15T18:00:13Z	unconfirmed_no_verbatim	retrieval_summary	e04-4	../source-forms/model_m_fast101_quiz.html	
t_abd3a566	The Adam Project	Проект «Адам»		film	M	0		not_watched	fast101_recovery	backup/cinema/recovery-2026-09-30/FAST101-retrieved.tsv	M FAST101 #100	2026-09-15T18:00:13Z	unconfirmed_no_verbatim	retrieval_summary	e04-4	../source-forms/model_m_fast101_quiz.html	
t_0e8ef6ac	Secret Headquarters	Секретный штаб		film	M	0		not_watched	fast101_recovery	backup/cinema/recovery-2026-09-30/FAST101-retrieved.tsv	M FAST101 #101	2026-09-15T18:00:13Z	unconfirmed_no_verbatim	retrieval_summary	e04-4	../source-forms/model_m_fast101_quiz.html	
t_887e70ed	Amélie	Амели	2001	film	R	5		watched	legacy	backup/cinema/legacy-rj-76.tsv	legacy row 1		preserved_snapshot	snapshot		Anchor	
t_887e70ed	Amélie	Амели	2001	film	J	5		watched	legacy	backup/cinema/legacy-rj-76.tsv	legacy row 1		preserved_snapshot	snapshot		Anchor	
t_0164d60d	Six-String Samurai	Шестиструнный самурай	1998	film	R	5		watched	legacy	backup/cinema/legacy-rj-76.tsv	legacy row 2		preserved_snapshot	snapshot		Anchor	
t_0164d60d	Six-String Samurai	Шестиструнный самурай	1998	film	J	5		watched	legacy	backup/cinema/legacy-rj-76.tsv	legacy row 2		preserved_snapshot	snapshot		Anchor	
t_17d96edc	Back to the Future трилогия	Назад в будущее , трилогия		film franchise	R	5		watched	legacy	backup/cinema/legacy-rj-76.tsv	legacy row 3		preserved_snapshot	snapshot		Anchor	
t_17d96edc	Back to the Future трилогия	Назад в будущее , трилогия		film franchise	J	5		watched	legacy	backup/cinema/legacy-rj-76.tsv	legacy row 3		preserved_snapshot	snapshot		Anchor	
t_d2a9289a	K-9	К-9: Собачья работа	1989	film	R	5		watched	legacy	backup/cinema/legacy-rj-76.tsv	legacy row 4		preserved_snapshot	snapshot		Anchor	
t_d2a9289a	K-9	К-9: Собачья работа	1989	film	J	5		watched	legacy	backup/cinema/legacy-rj-76.tsv	legacy row 4		preserved_snapshot	snapshot		Anchor	
t_7c810b75	Silo	Укрытие	2023	series	R	5		watched	legacy	backup/cinema/legacy-rj-76.tsv	legacy row 5		preserved_snapshot	snapshot		Anchor	
t_7c810b75	Silo	Укрытие	2023	series	J	5		watched	legacy	backup/cinema/legacy-rj-76.tsv	legacy row 5		preserved_snapshot	snapshot		Anchor	
t_7546d921	Severance	Разделение	2022	series	R	5		watched	legacy	backup/cinema/legacy-rj-76.tsv	legacy row 6		preserved_snapshot	snapshot		Anchor	
t_7546d921	Severance	Разделение	2022	series	J	5		watched	legacy	backup/cinema/legacy-rj-76.tsv	legacy row 6		preserved_snapshot	snapshot		Anchor	
t_bd8986d7	Breaking Bad	Во все тяжкие	2008	series	R	5		watched	legacy	backup/cinema/legacy-rj-76.tsv	legacy row 7		preserved_snapshot	snapshot		Anchor	
t_bd8986d7	Breaking Bad	Во все тяжкие	2008	series	J	5		watched	legacy	backup/cinema/legacy-rj-76.tsv	legacy row 7		preserved_snapshot	snapshot		Anchor	
t_116b3787	Chernobyl	Чернобыль	2019	series	R	5		watched	legacy	backup/cinema/legacy-rj-76.tsv	legacy row 8		preserved_snapshot	snapshot		Anchor	
t_116b3787	Chernobyl	Чернобыль	2019	series	J	5		watched	legacy	backup/cinema/legacy-rj-76.tsv	legacy row 8		preserved_snapshot	snapshot		Anchor	
t_f616307b	Oblivion	Обливион	2013	film	R	5		watched	legacy	backup/cinema/legacy-rj-76.tsv	legacy row 9		preserved_snapshot	snapshot		Anchor	
t_f616307b	Oblivion	Обливион	2013	film	J	5		watched	legacy	backup/cinema/legacy-rj-76.tsv	legacy row 9		preserved_snapshot	snapshot		Anchor	
t_13d1a409	The Boys	Пацаны	2019	series	R	4		watched	legacy	backup/cinema/legacy-rj-76.tsv	legacy row 10		preserved_snapshot	snapshot		Calibration	
t_13d1a409	The Boys	Пацаны	2019	series	J	0		not_watched	legacy	backup/cinema/legacy-rj-76.tsv	legacy row 10		preserved_snapshot	snapshot		Calibration	
t_38d4fa20	The Last of Us	Одни из нас	2023	series	R	5		watched	legacy	backup/cinema/legacy-rj-76.tsv	legacy row 11		preserved_snapshot	snapshot		Calibration	
t_38d4fa20	The Last of Us	Одни из нас	2023	series	J	5		watched	legacy	backup/cinema/legacy-rj-76.tsv	legacy row 11		preserved_snapshot	snapshot		Calibration	
t_4da50664	Fallout	Fallout	2024	series	R	5		watched	legacy	backup/cinema/legacy-rj-76.tsv	legacy row 12		preserved_snapshot	snapshot		Calibration	
t_4da50664	Fallout	Fallout	2024	series	J	5		watched	legacy	backup/cinema/legacy-rj-76.tsv	legacy row 12		preserved_snapshot	snapshot		Calibration	
t_061c3458	House of the Dragon	Дом дракона	2022	series	R	3		watched	legacy	backup/cinema/legacy-rj-76.tsv	legacy row 13		preserved_snapshot	snapshot		Calibration	
t_061c3458	House of the Dragon	Дом дракона	2022	series	J	0		not_watched	legacy	backup/cinema/legacy-rj-76.tsv	legacy row 13		preserved_snapshot	snapshot		Calibration	
t_47b80ce5	Dark	Тьма	2017	series	R	3		watched	legacy	backup/cinema/legacy-rj-76.tsv	legacy row 14		preserved_snapshot	snapshot		Calibration	
t_47b80ce5	Dark	Тьма	2017	series	J	3		watched	legacy	backup/cinema/legacy-rj-76.tsv	legacy row 14		preserved_snapshot	snapshot		Calibration	
t_8e1f0400	Ted Lasso	Тед Лассо	2020	series	R	0		not_watched	legacy	backup/cinema/legacy-rj-76.tsv	legacy row 15		preserved_snapshot	snapshot		Calibration	
t_8e1f0400	Ted Lasso	Тед Лассо	2020	series	J	0		not_watched	legacy	backup/cinema/legacy-rj-76.tsv	legacy row 15		preserved_snapshot	snapshot		Calibration	
t_61f28cff	Narcos	Нарко			R	?		watched_forgot	legacy	backup/cinema/legacy-rj-76.tsv	legacy row 16		preserved_snapshot	snapshot		V6	
t_61f28cff	Narcos	Нарко			J	0		not_watched	legacy	backup/cinema/legacy-rj-76.tsv	legacy row 16		preserved_snapshot	snapshot		V6	
t_4dd1ed6e	Ripley	Рипли	2024	series	R	?		watched_forgot	legacy	backup/cinema/legacy-rj-76.tsv	legacy row 17		preserved_snapshot	snapshot		V6	
t_4dd1ed6e	Ripley	Рипли	2024	series	J	?		watched_forgot	legacy	backup/cinema/legacy-rj-76.tsv	legacy row 17		preserved_snapshot	snapshot		V6	
t_d3aa8069	Homeland	Родина			R	5		watched	legacy	backup/cinema/legacy-rj-76.tsv	legacy row 18		preserved_snapshot	snapshot		V6	
t_d3aa8069	Homeland	Родина			J	5		watched	legacy	backup/cinema/legacy-rj-76.tsv	legacy row 18		preserved_snapshot	snapshot		V6	
t_8a56ecbd	Tehran	Тегеран			R	5		watched	legacy	backup/cinema/legacy-rj-76.tsv	legacy row 19		preserved_snapshot	snapshot		V6	
t_8a56ecbd	Tehran	Тегеран			J	4		watched	legacy	backup/cinema/legacy-rj-76.tsv	legacy row 19		preserved_snapshot	snapshot		V6	
t_1d74dadc	Fauda	Фауда			R	5		watched	legacy	backup/cinema/legacy-rj-76.tsv	legacy row 20		preserved_snapshot	snapshot		V6	
t_1d74dadc	Fauda	Фауда			J	3		watched	legacy	backup/cinema/legacy-rj-76.tsv	legacy row 20		preserved_snapshot	snapshot		V6	
t_071efb93	The Night Manager	Ночной администратор			R	0		not_watched	legacy	backup/cinema/legacy-rj-76.tsv	legacy row 21		preserved_snapshot	snapshot		V6	
t_071efb93	The Night Manager	Ночной администратор			J	0		not_watched	legacy	backup/cinema/legacy-rj-76.tsv	legacy row 21		preserved_snapshot	snapshot		V6	
t_db2f0ab3	Sliders	Параллельные миры			R	5		watched	legacy	backup/cinema/legacy-rj-76.tsv	legacy row 22		preserved_snapshot	snapshot		V6	
t_db2f0ab3	Sliders	Параллельные миры			J	5		watched	legacy	backup/cinema/legacy-rj-76.tsv	legacy row 22		preserved_snapshot	snapshot		V6	
t_0ad0def1	The Ark	Ковчег	2023	series	R	5		watched	legacy	backup/cinema/legacy-rj-76.tsv	legacy row 23		preserved_snapshot	snapshot		V6	
t_0ad0def1	The Ark	Ковчег	2023	series	J	5		watched	legacy	backup/cinema/legacy-rj-76.tsv	legacy row 23		preserved_snapshot	snapshot		V6	
t_cece7b91	What We Do in the Shadows	Чем мы заняты в тени			R	5		watched	legacy	backup/cinema/legacy-rj-76.tsv	legacy row 24		preserved_snapshot	snapshot		V6	
t_cece7b91	What We Do in the Shadows	Чем мы заняты в тени			J	4		watched	legacy	backup/cinema/legacy-rj-76.tsv	legacy row 24		preserved_snapshot	snapshot		V6	
t_b034f50e	Fleabag	Дрянь	2016	series	R	0		not_watched	legacy	backup/cinema/legacy-rj-76.tsv	legacy row 25		preserved_snapshot	snapshot		V6	
t_b034f50e	Fleabag	Дрянь	2016	series	J	4		watched	legacy	backup/cinema/legacy-rj-76.tsv	legacy row 25		preserved_snapshot	snapshot		V6	
t_2eb8966c	Blast from the Past	Взрыв из прошлого			R	5		watched	legacy	backup/cinema/legacy-rj-76.tsv	legacy row 26		preserved_snapshot	snapshot		V6	
t_2eb8966c	Blast from the Past	Взрыв из прошлого			J	4		watched	legacy	backup/cinema/legacy-rj-76.tsv	legacy row 26		preserved_snapshot	snapshot		V6	
t_638e1f01	George of the Jungle	Джордж из джунглей			R	5		watched	legacy	backup/cinema/legacy-rj-76.tsv	legacy row 27		preserved_snapshot	snapshot		V6	
t_638e1f01	George of the Jungle	Джордж из джунглей			J	4		watched	legacy	backup/cinema/legacy-rj-76.tsv	legacy row 27		preserved_snapshot	snapshot		V6	
t_c156e4f7	Men at Work	Мужчины за работой			R	5		watched	legacy	backup/cinema/legacy-rj-76.tsv	legacy row 28		preserved_snapshot	snapshot		V6	
t_c156e4f7	Men at Work	Мужчины за работой			J	?		watched_forgot	legacy	backup/cinema/legacy-rj-76.tsv	legacy row 28		preserved_snapshot	snapshot		V6	
t_d69c7c97	Encino Man	Замороженный калифорниец			R	5		watched	legacy	backup/cinema/legacy-rj-76.tsv	legacy row 29		preserved_snapshot	snapshot		V6	
t_d69c7c97	Encino Man	Замороженный калифорниец			J	?		watched_forgot	legacy	backup/cinema/legacy-rj-76.tsv	legacy row 29		preserved_snapshot	snapshot		V6	
t_7515ad2c	Le grand bleu	Голубая бездна			R	?		watched_forgot	legacy	backup/cinema/legacy-rj-76.tsv	legacy row 30		preserved_snapshot	snapshot		V6	
t_7515ad2c	Le grand bleu	Голубая бездна			J	?		watched_forgot	legacy	backup/cinema/legacy-rj-76.tsv	legacy row 30		preserved_snapshot	snapshot		V6	
t_d95bd29b	Les Parapluies de Cherbourg	Шербурские зонтики	1964		R	5		watched	legacy	backup/cinema/legacy-rj-76.tsv	legacy row 31		preserved_snapshot	snapshot		V6	
t_d95bd29b	Les Parapluies de Cherbourg	Шербурские зонтики	1964		J	5		watched	legacy	backup/cinema/legacy-rj-76.tsv	legacy row 31		preserved_snapshot	snapshot		V6	
t_fbac98fc	99 francs	99 франков			R	5		watched	legacy	backup/cinema/legacy-rj-76.tsv	legacy row 32		preserved_snapshot	snapshot		V6	
t_fbac98fc	99 francs	99 франков			J	5		watched	legacy	backup/cinema/legacy-rj-76.tsv	legacy row 32		preserved_snapshot	snapshot		V6	
t_3a259202	Cabaret	Кабаре	1972	film	R	4		watched	legacy	backup/cinema/legacy-rj-76.tsv	legacy row 33		preserved_snapshot	snapshot		V6	
t_3a259202	Cabaret	Кабаре	1972	film	J	5		watched	legacy	backup/cinema/legacy-rj-76.tsv	legacy row 33		preserved_snapshot	snapshot		V6	
t_bc184373	1883	1883			R	0		not_watched	legacy	backup/cinema/legacy-rj-76.tsv	legacy row 34		preserved_snapshot	snapshot		V6	
t_bc184373	1883	1883			J	0		not_watched	legacy	backup/cinema/legacy-rj-76.tsv	legacy row 34		preserved_snapshot	snapshot		V6	
t_3d5506ce	Deadwood	Дэдвуд			R	4		watched	legacy	backup/cinema/legacy-rj-76.tsv	legacy row 35		preserved_snapshot	snapshot		V6	
t_3d5506ce	Deadwood	Дэдвуд			J	0		not_watched	legacy	backup/cinema/legacy-rj-76.tsv	legacy row 35		preserved_snapshot	snapshot		V6	
t_0623c26c	Ёлки 9				R	1		watched	legacy	backup/cinema/legacy-rj-76.tsv	legacy row 36		preserved_snapshot	snapshot		KP-1	
t_0623c26c	Ёлки 9				J	2		watched	legacy	backup/cinema/legacy-rj-76.tsv	legacy row 36		preserved_snapshot	snapshot		KP-1	
t_ccbf4fa3	Игры				R	1		watched	legacy	backup/cinema/legacy-rj-76.tsv	legacy row 37		preserved_snapshot	snapshot		KP-1	
t_ccbf4fa3	Игры				J	2		watched	legacy	backup/cinema/legacy-rj-76.tsv	legacy row 37		preserved_snapshot	snapshot		KP-1	
t_d9574fe7	Небриллиантовая рука				R	1		watched	legacy	backup/cinema/legacy-rj-76.tsv	legacy row 38		preserved_snapshot	snapshot		KP-1	
t_d9574fe7	Небриллиантовая рука				J	1		watched	legacy	backup/cinema/legacy-rj-76.tsv	legacy row 38		preserved_snapshot	snapshot		KP-1	
t_d969a935	Extremely Wicked, Shockingly Evil and Vile	Красивый, плохой, злой			R	?		watched_forgot	legacy	backup/cinema/legacy-rj-76.tsv	legacy row 39		preserved_snapshot	snapshot		KP-1	
t_d969a935	Extremely Wicked, Shockingly Evil and Vile	Красивый, плохой, злой			J	0		not_watched	legacy	backup/cinema/legacy-rj-76.tsv	legacy row 39		preserved_snapshot	snapshot		KP-1	
t_121447cb	Бабки				R	1		watched	legacy	backup/cinema/legacy-rj-76.tsv	legacy row 40		preserved_snapshot	snapshot		KP-1	
t_121447cb	Бабки				J	0		not_watched	legacy	backup/cinema/legacy-rj-76.tsv	legacy row 40		preserved_snapshot	snapshot		KP-1	
t_dd97231f	Разрешите обратиться				R	1		watched	legacy	backup/cinema/legacy-rj-76.tsv	legacy row 41		preserved_snapshot	snapshot		KP-1	
t_dd97231f	Разрешите обратиться				J	2		watched	legacy	backup/cinema/legacy-rj-76.tsv	legacy row 41		preserved_snapshot	snapshot		KP-1	
t_009caa1f	Овечка Долли была злая и рано умерла				R	1		watched	legacy	backup/cinema/legacy-rj-76.tsv	legacy row 42		preserved_snapshot	snapshot		KP-1	
t_009caa1f	Овечка Долли была злая и рано умерла				J	1		watched	legacy	backup/cinema/legacy-rj-76.tsv	legacy row 42		preserved_snapshot	snapshot		KP-1	
t_f8ec2a6b	Cats & Peachtopia	Большой кошачий побег			R	?		watched_forgot	legacy	backup/cinema/legacy-rj-76.tsv	legacy row 43		preserved_snapshot	snapshot		KP-1	
t_f8ec2a6b	Cats & Peachtopia	Большой кошачий побег			J	3		watched	legacy	backup/cinema/legacy-rj-76.tsv	legacy row 43		preserved_snapshot	snapshot		KP-1	
t_7803b8d9	Новая тёща				R	?		watched_forgot	legacy	backup/cinema/legacy-rj-76.tsv	legacy row 44		preserved_snapshot	snapshot		KP-1	
t_7803b8d9	Новая тёща				J	3		watched	legacy	backup/cinema/legacy-rj-76.tsv	legacy row 44		preserved_snapshot	snapshot		KP-1	
t_35860452	Полярный	Полярный		series	R	5		watched	legacy	backup/cinema/legacy-rj-76.tsv	legacy row 45		preserved_snapshot	snapshot		KP-1	
t_35860452	Полярный	Полярный		series	J	4		watched	legacy	backup/cinema/legacy-rj-76.tsv	legacy row 45		preserved_snapshot	snapshot		KP-1	
t_433fa449	Кракен				R	4		watched	legacy	backup/cinema/legacy-rj-76.tsv	legacy row 46		preserved_snapshot	snapshot		KP-1	
t_433fa449	Кракен				J	4		watched	legacy	backup/cinema/legacy-rj-76.tsv	legacy row 46		preserved_snapshot	snapshot		KP-1	
t_1fbce8a1	Батя				R	3		watched	legacy	backup/cinema/legacy-rj-76.tsv	legacy row 47		preserved_snapshot	snapshot		KP-1	
t_1fbce8a1	Батя				J	0		not_watched	legacy	backup/cinema/legacy-rj-76.tsv	legacy row 47		preserved_snapshot	snapshot		KP-1	
t_87b1362d	Перевал Дятлова		2020	series	R	5		watched	legacy	backup/cinema/legacy-rj-76.tsv	legacy row 48		preserved_snapshot	snapshot		KP-1	
t_87b1362d	Перевал Дятлова		2020	series	J	5		watched	legacy	backup/cinema/legacy-rj-76.tsv	legacy row 48		preserved_snapshot	snapshot		KP-1	
t_56a80573	Библиотекарь				R	5		watched	legacy	backup/cinema/legacy-rj-76.tsv	legacy row 49		preserved_snapshot	snapshot		KP-1	
t_56a80573	Библиотекарь				J	5		watched	legacy	backup/cinema/legacy-rj-76.tsv	legacy row 49		preserved_snapshot	snapshot		KP-1	
t_da8763ae	Обратная сторона Луны				R	4		watched	legacy	backup/cinema/legacy-rj-76.tsv	legacy row 50		preserved_snapshot	snapshot		KP-1	
t_da8763ae	Обратная сторона Луны				J	4		watched	legacy	backup/cinema/legacy-rj-76.tsv	legacy row 50		preserved_snapshot	snapshot		KP-1	
t_9d6810b3	Эпидемия				R	5		watched	legacy	backup/cinema/legacy-rj-76.tsv	legacy row 51		preserved_snapshot	snapshot		KP-1	
t_9d6810b3	Эпидемия				J	5		watched	legacy	backup/cinema/legacy-rj-76.tsv	legacy row 51		preserved_snapshot	snapshot		KP-1	
t_a3f866d6	Les Gouttes de Dieu	Капли бога			R	5		watched	legacy	backup/cinema/legacy-rj-76.tsv	legacy row 52		preserved_snapshot	snapshot		KP-1	
t_a3f866d6	Les Gouttes de Dieu	Капли бога			J	5		watched	legacy	backup/cinema/legacy-rj-76.tsv	legacy row 52		preserved_snapshot	snapshot		KP-1	
t_d203f43a	Мастер и Маргарита		2024	film	R	5		watched	legacy	backup/cinema/legacy-rj-76.tsv	legacy row 53		preserved_snapshot	snapshot		KP-1	
t_d203f43a	Мастер и Маргарита		2024	film	J	5		watched	legacy	backup/cinema/legacy-rj-76.tsv	legacy row 53		preserved_snapshot	snapshot		KP-1	
t_57a7bfe7	Виноделы				R	5		watched	legacy	backup/cinema/legacy-rj-76.tsv	legacy row 54		preserved_snapshot	snapshot		KP-1	
t_57a7bfe7	Виноделы				J	4		watched	legacy	backup/cinema/legacy-rj-76.tsv	legacy row 54		preserved_snapshot	snapshot		KP-1	
t_e33d1bd2	Волшебный участок		2023	series	R	5		watched	legacy	backup/cinema/legacy-rj-76.tsv	legacy row 55		preserved_snapshot	snapshot		KP-1	
t_e33d1bd2	Волшебный участок		2023	series	J	5		watched	legacy	backup/cinema/legacy-rj-76.tsv	legacy row 55		preserved_snapshot	snapshot		KP-1	
t_1f2d4c16	Макрон				R	?		watched_forgot	legacy	backup/cinema/legacy-rj-76.tsv	legacy row 56		preserved_snapshot	snapshot		KP-2	
t_1f2d4c16	Макрон				J	4		watched	legacy	backup/cinema/legacy-rj-76.tsv	legacy row 56		preserved_snapshot	snapshot		KP-2	
t_6588a94d	Один день в Стамбуле				R	3		watched	legacy	backup/cinema/legacy-rj-76.tsv	legacy row 57		preserved_snapshot	snapshot		KP-2	
t_6588a94d	Один день в Стамбуле				J	3		watched	legacy	backup/cinema/legacy-rj-76.tsv	legacy row 57		preserved_snapshot	snapshot		KP-2	
t_7be6a462	Руки Вверх!				R	4		watched	legacy	backup/cinema/legacy-rj-76.tsv	legacy row 58		preserved_snapshot	snapshot		KP-2	
t_7be6a462	Руки Вверх!				J	4		watched	legacy	backup/cinema/legacy-rj-76.tsv	legacy row 58		preserved_snapshot	snapshot		KP-2	
t_fe348339	Наша Russia. 8 марта				R	?		watched_forgot	legacy	backup/cinema/legacy-rj-76.tsv	legacy row 59		preserved_snapshot	snapshot		KP-2	
t_fe348339	Наша Russia. 8 марта				J	?		watched_forgot	legacy	backup/cinema/legacy-rj-76.tsv	legacy row 59		preserved_snapshot	snapshot		KP-2	
t_fcc7b75a	Уралочка				R	3		watched	legacy	backup/cinema/legacy-rj-76.tsv	legacy row 60		preserved_snapshot	snapshot		KP-2	
t_fcc7b75a	Уралочка				J	3		watched	legacy	backup/cinema/legacy-rj-76.tsv	legacy row 60		preserved_snapshot	snapshot		KP-2	
t_f0b381e2	Контакт				R	?		watched_forgot	legacy	backup/cinema/legacy-rj-76.tsv	legacy row 61		preserved_snapshot	snapshot		KP-2	
t_f0b381e2	Контакт				J	4		watched	legacy	backup/cinema/legacy-rj-76.tsv	legacy row 61		preserved_snapshot	snapshot		KP-2	
t_34782eed	Постучись в мою Тверь				R	2		watched	legacy	backup/cinema/legacy-rj-76.tsv	legacy row 62		preserved_snapshot	snapshot		KP-2	
t_34782eed	Постучись в мою Тверь				J	2		watched	legacy	backup/cinema/legacy-rj-76.tsv	legacy row 62		preserved_snapshot	snapshot		KP-2	
t_664ffd8e	Трепачи				R	5		watched	legacy	backup/cinema/legacy-rj-76.tsv	legacy row 63		preserved_snapshot	snapshot		KP-2	
t_664ffd8e	Трепачи				J	5		watched	legacy	backup/cinema/legacy-rj-76.tsv	legacy row 63		preserved_snapshot	snapshot		KP-2	
t_9079c0e8	Красная Поляна				R	4		watched	legacy	backup/cinema/legacy-rj-76.tsv	legacy row 64		preserved_snapshot	snapshot		KP-2	
t_9079c0e8	Красная Поляна				J	4		watched	legacy	backup/cinema/legacy-rj-76.tsv	legacy row 64		preserved_snapshot	snapshot		KP-2	
t_98fd745d	Встретимся вчера				R	3		watched	legacy	backup/cinema/legacy-rj-76.tsv	legacy row 65		preserved_snapshot	snapshot		KP-2	
t_98fd745d	Встретимся вчера				J	3		watched	legacy	backup/cinema/legacy-rj-76.tsv	legacy row 65		preserved_snapshot	snapshot		KP-2	
t_0df2b95c	Red One	Миссия: Красный			R	5		watched	legacy	backup/cinema/legacy-rj-76.tsv	legacy row 66		preserved_snapshot	snapshot		KP-2	
t_0df2b95c	Red One	Миссия: Красный			J	3		watched	legacy	backup/cinema/legacy-rj-76.tsv	legacy row 66		preserved_snapshot	snapshot		KP-2	
t_273196e9	Очевидное невероятное				R	3		watched	legacy	backup/cinema/legacy-rj-76.tsv	legacy row 67		preserved_snapshot	snapshot		KP-2	
t_273196e9	Очевидное невероятное				J	3		watched	legacy	backup/cinema/legacy-rj-76.tsv	legacy row 67		preserved_snapshot	snapshot		KP-2	
t_a5dd98ee	«Везёт»				R	5		watched	legacy	backup/cinema/legacy-rj-76.tsv	legacy row 68		preserved_snapshot	snapshot		KP-2	
t_a5dd98ee	«Везёт»				J	5		watched	legacy	backup/cinema/legacy-rj-76.tsv	legacy row 68		preserved_snapshot	snapshot		KP-2	
t_a47a41d6	Холоп 2				R	4		watched	legacy	backup/cinema/legacy-rj-76.tsv	legacy row 69		preserved_snapshot	snapshot		KP-2	
t_a47a41d6	Холоп 2				J	4		watched	legacy	backup/cinema/legacy-rj-76.tsv	legacy row 69		preserved_snapshot	snapshot		KP-2	
t_75232a88	Крутая перемена				R	3		watched	legacy	backup/cinema/legacy-rj-76.tsv	legacy row 70		preserved_snapshot	snapshot		KP-2	
t_75232a88	Крутая перемена				J	4		watched	legacy	backup/cinema/legacy-rj-76.tsv	legacy row 70		preserved_snapshot	snapshot		KP-2	
t_421bce53	Мистер Ноготь				R	3		watched	legacy	backup/cinema/legacy-rj-76.tsv	legacy row 71		preserved_snapshot	snapshot		KP-2	
t_421bce53	Мистер Ноготь				J	3		watched	legacy	backup/cinema/legacy-rj-76.tsv	legacy row 71		preserved_snapshot	snapshot		KP-2	
t_1bc6dc6a	Normal	Нормал			R	5		watched	legacy	backup/cinema/legacy-rj-76.tsv	legacy row 72		preserved_snapshot	snapshot		KP-2	
t_1bc6dc6a	Normal	Нормал			J	5		watched	legacy	backup/cinema/legacy-rj-76.tsv	legacy row 72		preserved_snapshot	snapshot		KP-2	
t_c034d506	Кулинарный техникум				R	5		watched	legacy	backup/cinema/legacy-rj-76.tsv	legacy row 73		preserved_snapshot	snapshot		KP-2	
t_c034d506	Кулинарный техникум				J	4		watched	legacy	backup/cinema/legacy-rj-76.tsv	legacy row 73		preserved_snapshot	snapshot		KP-2	
t_8b4f2f29	Химкинские ведьмы				R	4		watched	legacy	backup/cinema/legacy-rj-76.tsv	legacy row 74		preserved_snapshot	snapshot		KP-2	
t_8b4f2f29	Химкинские ведьмы				J	3		watched	legacy	backup/cinema/legacy-rj-76.tsv	legacy row 74		preserved_snapshot	snapshot		KP-2	
t_22a9bc2b	Гудбай, Америка				R	5		watched	legacy	backup/cinema/legacy-rj-76.tsv	legacy row 75		preserved_snapshot	snapshot		KP-2	
t_22a9bc2b	Гудбай, Америка				J	4		watched	legacy	backup/cinema/legacy-rj-76.tsv	legacy row 75		preserved_snapshot	snapshot		KP-2
t_d95bd29b	Les Parapluies de Cherbourg	Шербурские зонтики	1964		R	5		watched	user_explicit		Chat clarification · 2026-09-30	2026-09-30T16:40:00+03:00	current_user_explicit	current_explicit		Explicit current rating/status supplied by user after recovery review.	Resolves previous archive conflict; historical observations retained.
t_b2d8daff	Drop	Дроп	2025	film	K	4		watched	user_explicit		Chat clarification · 2026-09-30	2026-09-30T16:40:00+03:00	current_user_explicit	current_explicit		Explicit current rating/status supplied by user after recovery review.	Resolves previous archive conflict; historical observations retained.
t_3a259202	Cabaret	Кабаре	1972	film	R	4		watched	user_explicit		Chat clarification · 2026-09-30	2026-09-30T16:40:00+03:00	current_user_explicit	current_explicit		Explicit current rating/status supplied by user after recovery review.	Resolves previous archive conflict; historical observations retained.
t_e74eecbb	Source Code	Исходный код	2011	film	R	0		not_watched	user_explicit		Chat clarification · 2026-09-30	2026-09-30T16:40:00+03:00	current_user_explicit	current_explicit		Explicit current rating/status supplied by user after recovery review.	Resolves previous archive conflict; historical observations retained.
t_ea2202ac	Prisoners	Пленницы	2013	film	R	0		not_watched	user_explicit		Chat clarification · 2026-09-30	2026-09-30T16:40:00+03:00	current_user_explicit	current_explicit		Explicit current rating/status supplied by user after recovery review.	Resolves previous archive conflict; historical observations retained.
t_366ae457	The Prestige	Престиж	2006	film	R	5		watched	user_explicit		Chat clarification · 2026-09-30	2026-09-30T16:40:00+03:00	current_user_explicit	current_explicit		Explicit current rating/status supplied by user after recovery review.	Resolves previous archive conflict; historical observations retained.
t_87a29eda	Widow's Bay	Бухта вдов	2026	series	R	5		watched	user_explicit	backup/cinema/updates/2026-10-05-ostrov-vdov.md	User message · 2026-10-05	2026-10-05T20:01:46+03:00	current_user_explicit	current_explicit		Новая явная оценка пользователя.	Первые 1–2 серии — слабо; начиная с 3-й и до финала сезона — 🔥🔥🔥. Реакция относится к этой части сезона; отдельный Heat каждого профиля не указан.
t_87a29eda	Widow's Bay	Бухта вдов	2026	series	J	5		watched	user_explicit	backup/cinema/updates/2026-10-05-ostrov-vdov.md	User message · 2026-10-05	2026-10-05T20:01:46+03:00	current_user_explicit	current_explicit		Новая явная оценка пользователя.	Первые 1–2 серии — слабо; начиная с 3-й и до финала сезона — 🔥🔥🔥. Реакция относится к этой части сезона; отдельный Heat каждого профиля не указан.
t_87a29eda	Widow's Bay	Бухта вдов	2026	series	K	0		not_watched	user_explicit	backup/cinema/updates/2026-10-05-ostrov-vdov.md	User message · 2026-10-05	2026-10-05T20:01:46+03:00	current_user_explicit	current_explicit		Новая явная оценка пользователя.	Пользователь явно указал: не смотрели.
t_87a29eda	Widow's Bay	Бухта вдов	2026	series	M	0		not_watched	user_explicit	backup/cinema/updates/2026-10-05-ostrov-vdov.md	User message · 2026-10-05	2026-10-05T20:01:46+03:00	current_user_explicit	current_explicit		Новая явная оценка пользователя.	Пользователь явно указал: не смотрели.
